Time,Server round,Accuracy aggregated,Accuracy std,Top5,Top1
10.128641,1,0.164959,133.39205373634516,0.43602267387218047,0.520833
9.882524,2,0.301571,153.24437999483047,0.6369970715558951,0.870536
