Round,Accuracy (%),nt
0,0,0
0,0,1
0,0,2
1,0.3880152184228955,0
1,0.05466596882603155,1
1,0,2
2,0.6004580859457019,0
2,0.37601577089169,1
2,0,2
