Server round,Layer,Similarity
1,0,0.999739477408656
1,1,0.9748916801062012
1,2,0.9997634880324865
1,3,0.8907224390573344
1,4,0.9984700387851743
1,5,0.8627104564399954
1,6,0.9015022068156292
1,7,0.2885670148642414
2,0,0.9961441533084944
2,1,0.9386942303793008
2,2,0.9993437505810717
2,3,0.909595831667498
2,4,0.9952076634647616
2,5,0.8833837058987339
2,6,0.8691242655547226
2,7,0.24290606931518433
