Time,Server round,Accuracy aggregated,Accuracy std,Top5,Top1
10.048158,1,0.099502,118.55061155472796,0.4965335489792012,0.798295
13.115889,2,0.104481,120.87277402293701,0.506628735093409,0.798295
