Round,Accuracy (%),nt
0,0,0
0,0,1
0,0,2
1,0.3229820912112579,0
1,0.04139492753623188,1
1,0,2
2,0.2899568162815445,0
2,0.19848879419191917,1
2,0,2
