Time,Server round,Accuracy aggregated,Accuracy std,Top5,Top1
10.652583,1,0.160666,106.1604446109755,0.37485645933014355,0.485795
10.044533,2,0.273607,107.47367119439068,0.42381501417685624,0.447368
10.440882,3,0.316576,99.33750550522194,0.4629829545454546,0.523438
10.203407,4,0.365999,99.07799957609157,0.4803125,0.528646
9.933828,5,0.439368,87.58886915584651,0.5509783138401559,0.620313
10.075814,6,0.438264,91.31510006565179,0.5764772727272727,0.636513
9.957103,7,0.485309,103.59965009593421,0.5993322368421052,0.626645
9.900382,8,0.480978,107.93034791012211,0.6129945175438596,0.664062
9.94814,9,0.490999,97.61705793558829,0.6096917862838916,0.671875
9.850242,10,0.520041,95.75416440030168,0.63375,0.672697
10.160641,11,0.534222,79.89272495039835,0.6291940789473685,0.646382
9.902791,12,0.540591,91.85047631885203,0.6272124756335283,0.6625
10.054182,13,0.547809,88.9732965557644,0.6285910087719299,0.661184
13.118569,14,0.539827,91.95176724783488,0.6287499999999999,0.658854
9.958181,15,0.564878,89.9424260290993,0.6547149122807017,0.674342
9.920185,16,0.575408,94.55982233485848,0.6837390350877193,0.70625
10.898415,17,0.590099,96.07782002106417,0.6791666666666667,0.726562
10.041805,18,0.592391,88.69926718975755,0.6760416666666667,0.729688
9.962019,19,0.610988,96.73255656706277,0.6950438596491227,0.733553
9.806069,20,0.618037,97.95708243919886,0.7023519736842105,0.753289
