Time,Server round,Accuracy aggregated,Accuracy std,Top5,Top1
10.048169,1,0.166101,110.59186226843275,0.3877803528708134,0.502841
9.950684,2,0.280656,109.06322707494034,0.44384752126528443,0.504261
