Round,Accuracy (%),nt
0,0,0
0,0,1
0,0,2
1,0.3578746918590669,0
1,0.060480922357978285,1
1,0,2
2,0.3930218340991367,0
2,0.3792771464646465,1
2,0,2
