Time,Server round,Accuracy aggregated,Accuracy std,Top5,Top1
10.12488,1,0.194092,133.21083852299705,0.47463490456911506,0.717262
9.70788,2,0.295291,148.37771901468227,0.565385519086177,0.717262
9.851809,3,0.398202,140.59390989655276,0.6320065789473684,0.760417
9.732521,4,0.480394,140.21215175583035,0.7043756627144784,0.822917
9.794295,5,0.553938,122.10548718219013,0.7428498329156225,0.826389
9.785024,6,0.536216,134.41289930657697,0.7389039505815822,0.840278
9.8457,7,0.56464,125.50891402605633,0.7494423558897243,0.864583
9.724161,8,0.606336,111.4947980849331,0.7692160087719297,0.859375
9.692566,9,0.624144,106.99929906312471,0.7944313909774435,0.869792
9.764235,10,0.636729,108.52063167895771,0.8063335421888054,0.878472
9.748889,11,0.64375,113.35231581224974,0.7982273391812866,0.883681
9.810146,12,0.660017,116.80987757891023,0.8148235171261486,0.878472
9.753835,13,0.673801,113.99671047885548,0.8239583333333333,0.880208
9.83404,14,0.676969,112.2747856822715,0.8217575187969924,0.875
9.718955,15,0.680223,113.6933925080961,0.8173924394319132,0.878472
9.932272,16,0.681678,115.26269995102491,0.8186977861319967,0.871528
10.517455,17,0.683305,112.39594076300087,0.82624791144528,0.871528
9.600688,18,0.685702,111.3999438958566,0.8298036758563075,0.871528
9.751762,19,0.697517,112.18969426823482,0.8422880116959064,0.881944
9.755741,20,0.699658,113.05724213866176,0.8387453007518797,0.880208
