Time,Server round,Accuracy aggregated,Accuracy std,Top5,Top1
3.6101701259613037,1,0.08043981481481481,3.2401988965013997,0.1875,0.28125
0.2483537197113037,2,0.21875,5.1678493270089305,0.3375,0.375
0.22392535209655762,3,0.3055555555555556,4.855237721608833,0.4125,0.4375
0.23299694061279297,4,0.34375,5.516037224916695,0.46875,0.53125
3.393444061279297,5,0.42766203703703703,6.920902317536991,0.559375,0.625
0.260758638381958,6,0.4288194444444444,7.267048919609666,0.546875,0.5625
0.24080443382263184,7,0.33101851851851855,7.028197176769841,0.4875,0.53125
0.25208497047424316,8,0.29050925925925924,7.023452775443776,0.45625,0.53125
0.23940825462341309,9,0.27662037037037035,7.70685120886316,0.475,0.640625
0.24078917503356934,10,0.30497685185185186,7.365158216600342,0.503125,0.625
0.23026823997497559,11,0.4045138888888889,7.289947416362709,0.584375,0.65625
0.23502755165100098,12,0.5075231481481481,8.476175762427037,0.63125,0.6875
0.22640371322631836,13,0.44560185185185186,7.7042556782310605,0.553125,0.578125
0.2247321605682373,14,0.42592592592592593,6.815342169611802,0.559375,0.625
0.19556903839111328,15,0.5451388888888888,7.692420511993174,0.6625,0.6875
0.24646472930908203,16,0.5358796296296297,7.482126851519041,0.65625,0.75
0.23676323890686035,17,0.5555555555555556,8.350648677398262,0.703125,0.78125
0.2431948184967041,18,0.5098379629629629,7.604749977627287,0.665625,0.78125
0.241455078125,19,0.5376157407407407,7.816577824655037,0.659375,0.6875
0.22528481483459473,20,0.5104166666666666,7.167519329121711,0.65,0.6875
0.26958584785461426,21,0.5196759259259259,7.270641114937679,0.659375,0.75
0.2422199249267578,22,0.49074074074074076,6.869902150362518,0.6125,0.6875
0.21805500984191895,23,0.5376157407407407,7.574005251883283,0.653125,0.71875
0.2326505184173584,24,0.5185185185185185,6.646970905775218,0.65625,0.6875
3.2952070236206055,25,0.5810185185185185,7.868643819334787,0.753125,0.875
