Time,Server round,Accuracy aggregated,Accuracy std,Top5,Top1
18.34787368774414,1,0.13155136268343814,127.94599485720528,0.7044903273809524,0.9129464285714286
13.16856336593628,2,0.09437237945492663,95.78682372852751,0.6587784090909091,1.0
13.315014362335205,3,0.13299266247379454,131.87145255892196,0.5633542323179273,0.8809523809523809
13.018388032913208,4,0.14052672955974843,124.45481107614924,0.617890625,0.7890625
13.696768522262573,5,0.14979690775681342,104.32453402723638,0.5130412581699346,0.65625
12.62604808807373,6,0.10324947589098532,102.53330385781977,0.3930725524475525,0.5208333333333334
13.274547100067139,7,0.0727856394129979,97.56560049525652,0.6612106643356643,0.8557692307692307
13.053067922592163,8,0.16666666666666666,90.57716268464144,0.43034902597402597,0.50625
12.137609958648682,9,0.1214622641509434,106.06947911628491,0.5485089869281047,0.6770833333333334
12.850522756576538,10,0.21911032494758909,102.73427665584647,0.4460453869047619,0.5491071428571429
13.78522539138794,11,0.2562893081761006,116.39780753948934,0.5829023692810458,0.7395833333333334
12.668618440628052,12,0.1906774109014675,107.73821791732031,0.49667306286549706,0.5291666666666667
12.48446011543274,13,0.23866614255765198,136.8784921015716,0.6000367647058823,0.65625
13.83357548713684,14,0.26369234800838576,125.22986864163038,0.59390625,0.7291666666666666
13.374536752700806,15,0.26657494758909855,116.60764297420644,0.6287723214285714,0.7008928571428571
12.687161207199097,16,0.26903170859538783,146.29542850000473,0.6346502976190476,0.68125
13.198833703994751,17,0.24872248427672955,139.0575434847028,0.7362425595238096,0.84375
12.47685194015503,18,0.2424986897274633,140.2241648219022,0.7286017628205128,0.846875
13.35702919960022,19,0.22546514675052412,113.74068928927767,0.6737105082417582,0.77734375
12.9622802734375,20,0.24403825995807127,143.4598201588166,0.6830907346491227,0.7604166666666666
13.958829879760742,21,0.3452240566037736,152.49318542151318,0.6581969246031747,0.7254464285714286
13.018948554992676,22,0.3246527777777778,156.43430442201608,0.6890870098039216,0.7640625
12.647943258285522,23,0.22808569182389937,151.94338550920867,0.8278125,0.875
13.434284687042236,24,0.29785770440251574,119.61036911572508,0.7239037004662005,0.8671875
12.962481021881104,25,0.3880372117400419,150.34757596981734,0.6124089520676692,0.6517857142857143
