Time,Server round,Accuracy aggregated,Accuracy std,Top5,Top1
19.63143301010132,1,0.3458187061183551,0.979408263305322,1.0
11.781590700149536,2,0.4714769307923771,0.9840295538505257,1.0
12.659355640411377,3,0.5816825476429288,0.9899340569561158,1.0
9.823283433914185,4,0.6349674022066198,0.9913392857142856,1.0
12.34645938873291,5,0.7161171013039117,0.9936228354978354,1.0
11.647319555282593,6,0.7425401203610833,0.993831168831169,1.0
13.01478886604309,7,0.754670260782347,0.993831168831169,1.0
11.978214263916016,8,0.7651078234704113,0.993831168831169,1.0
10.783300876617432,9,0.8353184553660983,0.9947984307359306,1.0
12.559900760650635,10,0.8472605315947843,0.996003787878788,1.0
