Time,Server round,Accuracy aggregated,Accuracy std,Top5,Top1
24.215100288391113,1,0.3523382647943831,0.979408263305322,1.0
13.412551879882812,2,0.4926028084252758,0.9862616967076686,1.0
13.509779453277588,3,0.5571401705115346,0.9897852474323063,1.0
13.316216468811035,4,0.6471602306920762,0.9916316526610643,1.0
12.659037351608276,5,0.7015734704112337,0.9928571428571427,1.0
12.6533043384552,6,0.7435431293881645,0.9928133753501399,1.0
13.723293781280518,7,0.7558926780341023,0.9928133753501399,1.0
13.612389326095581,8,0.777676780341023,0.9934591450216448,1.0
13.71018648147583,9,0.8264794383149449,0.9941287878787879,1.0
13.154433250427246,10,0.842339518555667,0.9962202380952381,1.0
