Time,Server round,Accuracy aggregated,Accuracy std,Top5,Top1
33.6946496963501,1,0.3533099297893681,0.979408263305322,1.0
17.81105613708496,2,0.4930416248746239,0.9822438395648115,1.0
18.334131002426147,3,0.5437876128385155,0.9884757236227826,1.0
17.161646842956543,4,0.6472229187562688,0.9898459383753501,1.0
16.87675166130066,5,0.7094094784353059,0.9932061688311687,1.0
17.27437734603882,6,0.7520060180541625,0.9939700577200578,1.0
19.261579513549805,7,0.7605629388164493,0.9936228354978354,1.0
18.011017084121704,8,0.769746740220662,0.9939889971139971,1.0
18.965365171432495,9,0.8414305416248746,0.9953282828282827,1.0
18.485809564590454,10,0.847323219658977,0.9959045815295816,1.0
