Round,Accuracy (%),nt
0,0,0
0,0,1
0,0,2
1,0.1943863861832612,0
1,0.07728124564884434,1
1,0,2
2,0.2700984231411863,0
2,0.27906013257575757,1
2,0,2
