Time,Server round,Accuracy aggregated,Accuracy std,Top5,Top1
10.219577,1,0.118461,69.66266934305632,0.2624111842105263,0.39375
13.613431,2,0.222401,89.14453152044717,0.3599147727272728,0.426136
