Time,Server round,Accuracy aggregated,Accuracy std,Top5,Top1
10.048239,1,0.166185,110.6450518550197,0.3880928528708134,0.502841
10.026873,2,0.277683,107.71699030329431,0.43798630493531815,0.507102
10.701576,3,0.32269,98.35700280102073,0.46102571770334927,0.507102
9.823429,4,0.357507,95.02552288727487,0.4738920454545455,0.526042
9.712357,5,0.434698,75.72415400649913,0.5430975877192983,0.598437
10.064657,6,0.445992,89.59709816729557,0.5791337719298245,0.606908
9.868236,7,0.490829,94.25603428958806,0.6039281798245615,0.629934
9.830059,8,0.501359,104.5641429936668,0.6225427631578947,0.660937
9.835427,9,0.526834,93.11960051460701,0.613689692982456,0.66875
10.057114,10,0.536345,101.72639775397533,0.6360394736842105,0.65625
9.922424,11,0.537364,89.20728669789257,0.6437061403508771,0.651316
10.89279,12,0.563604,99.91560188479075,0.6478865131578947,0.696875
9.825722,13,0.568529,96.5364568440338,0.6421600877192983,0.679688
10.073119,14,0.558764,96.47849501313752,0.6438157894736841,0.660937
9.939233,15,0.582541,96.10046826108601,0.6640625,0.700658
10.025378,16,0.583135,94.96540159447545,0.6820120614035089,0.729688
9.888674,17,0.590353,94.2986744339495,0.6857346491228069,0.723437
9.934998,18,0.593835,93.62866815244142,0.6783717105263157,0.728125
9.828861,19,0.603346,95.59909779909013,0.6823026315789474,0.720313
10.041056,20,0.610479,94.61684575169477,0.6786979166666667,0.7
