Time,Server round,Accuracy aggregated,Accuracy std,Top5,Top1
1.11485,1,0.144488,115.5224112456107,0.4448596014492754,0.617188
0.898728,2,0.150584,140.52868034675342,0.5688217770025551,0.779891
0.979993,3,0.122339,158.5515294785894,0.4106770833333333,0.904948
