Time,Server round,Accuracy aggregated,Accuracy std,Top5,Top1
17.14268469810486,1,0.14730738993710693,132.56129299309055,0.6898251488095238,0.9107142857142857
13.207249402999878,2,0.17488862683438156,136.47348313866692,0.8333333333333333,1.0
13.33627438545227,3,0.21406577568134172,133.04469173927984,0.7196256868131867,0.9107142857142857
13.12986445426941,4,0.252063679245283,154.71900335770005,0.8521434294871796,0.9166666666666666
13.838154554367065,5,0.2580581761006289,138.04769610536786,0.8505952380952382,0.94921875
12.99255919456482,6,0.22562893081761007,157.54104988859254,0.9064657738095239,0.96484375
12.938501358032227,7,0.2706367924528302,183.69001714845584,0.9074330357142857,0.953125
13.383933544158936,8,0.31731525157232704,147.68518002832917,0.8506696428571429,0.9609375
11.801225423812866,9,0.32802672955974843,161.713578898001,0.8973437499999999,0.94921875
13.292746543884277,10,0.39304900419287214,138.55648523255778,0.8954241071428571,0.96484375
14.03736400604248,11,0.4180096960167715,146.46628144388728,0.8731026785714284,0.96484375
13.439758777618408,12,0.4073637316561845,146.2447318709293,0.8888839285714287,0.96484375
12.729917764663696,13,0.4464426100628931,143.45774151296263,0.9094866071428571,1.0
14.173970222473145,14,0.4861111111111111,153.7958386953301,0.9273695054945055,1.0
13.264673948287964,15,0.48774895178197064,154.57438338871032,0.9411830357142857,1.0
12.96459436416626,16,0.5147733228511531,178.57460625744076,0.9427455357142858,1.0
13.766167640686035,17,0.5098925576519916,179.02194725787115,0.9327455357142856,0.9875
12.862471103668213,18,0.5196868448637316,167.62759319396076,0.9101785714285715,1.0
13.734728336334229,19,0.5380634171907757,171.2057522398123,0.9409598214285715,1.0
13.458137035369873,20,0.5522471174004193,174.14967011166,0.9404017857142858,1.0
13.848693132400513,21,0.5733097484276729,174.63527249670958,0.9491443452380952,1.0
13.274603843688965,22,0.5809420859538784,176.26539649063284,0.9288461538461539,1.0
12.768282175064087,23,0.5701650943396226,190.9331443202044,0.9324690934065935,1.0
13.538952112197876,24,0.5947654612159329,171.32857438267558,0.9220982142857143,1.0
13.824571371078491,25,0.6282756813417191,165.98771038845015,0.9441071428571428,1.0
