Time,Server round,Accuracy aggregated,Accuracy std,Top5,Top1
0.398881,1,0.164742,112.12537625354932,0.3876784290271133,0.495739
