Time,Server round,Accuracy aggregated,Accuracy std,Top5,Top1
10.161533,1,0.193921,133.28348547363248,0.47463490456911506,0.717262
9.775245,2,0.296233,148.3563278057259,0.5666440741276266,0.715774
10.33956,3,0.385873,139.49920250668103,0.6108982793522266,0.699013
9.784266,4,0.443493,128.432861838394,0.7011137218045114,0.833333
10.249049,5,0.535445,118.2742998288301,0.728636896729002,0.836806
9.800668,6,0.518921,122.10138205606027,0.7135281111432428,0.776042
9.839238,7,0.530908,124.84168975146082,0.7272618645973908,0.850694
9.757045,8,0.562671,118.30063397970443,0.7510612468671679,0.859375
10.142692,9,0.555565,105.94690887420924,0.7179197994987468,0.869792
9.881952,10,0.588014,103.98095979553179,0.7471399853801169,0.861111
9.806025,11,0.624486,114.14206060869937,0.7919616750208855,0.831597
9.961333,12,0.631507,110.32162072776124,0.7560215643274855,0.803819
9.874052,13,0.620034,105.28622891907564,0.7460800438596491,0.807292
9.790344,14,0.604709,109.12253433640551,0.7438912786774629,0.8125
9.724716,15,0.639384,111.15007872241927,0.7893977732793522,0.814145
10.239227,16,0.657277,102.77610374012045,0.7871292815371762,0.809211
10.54436,17,0.669863,106.88433000211022,0.8187421679197995,0.859375
9.89489,18,0.675257,108.63667658760552,0.8141499582289056,0.847222
9.846182,19,0.675428,109.30392261945589,0.8158364661654136,0.875
9.758152,20,0.673887,107.86495028506711,0.8066363826232248,0.819444
