Time,Server round,Accuracy aggregated,Accuracy std,Top5,Top1
10.175295,1,0.245707,219.46273032111853,0.8100273569023569,0.825231
9.884089,2,0.340745,234.64877476773665,0.8206601796955058,0.835598
9.871129,3,0.468063,230.37825418211676,0.8455642158767158,0.953125
9.775621,4,0.516398,226.32495995802142,0.856021148989899,0.951823
9.834219,5,0.628177,207.0000664251101,0.8588613718708829,0.951823
9.810667,6,0.648867,202.61488099347488,0.8670842122098916,0.951823
9.873466,7,0.671102,181.73752364330267,0.8604897128334628,0.951823
9.81408,8,0.722957,179.8795360790104,0.8929629700010135,0.953125
9.990928,9,0.714114,182.7060206999211,0.8909433354236344,0.953125
11.072829,10,0.737723,186.67010339098223,0.8890577097268674,0.953125
9.781475,11,0.730512,174.39709716620857,0.8784291229603731,0.953125
9.998487,12,0.724245,181.40854445146735,0.8804821310935441,0.953125
9.755392,13,0.73635,181.378961018085,0.8842391304347826,0.951823
10.748361,14,0.735749,181.68282802730698,0.8960236378205128,0.954427
9.845037,15,0.745192,179.58591258781965,0.8872796474358975,0.951823
9.863038,16,0.758585,174.22990558454657,0.8897692601067888,0.951823
9.817358,17,0.76013,176.20445510826337,0.903686735056515,0.951823
9.913358,18,0.762792,173.46667547399414,0.9067876815928161,0.951823
9.966505,19,0.77172,173.39535028367976,0.9046369843924191,0.951823
9.802318,20,0.788376,179.89476785054086,0.910463460905037,0.951823
