Time,Server round,Accuracy aggregated,Accuracy std,Top5,Top1
10.029478,1,0.133111,46.687766063498906,0.2323572383498854,0.262784
13.07719,2,0.221995,63.86470073522619,0.32245238095238093,0.40125
14.390703,3,0.234119,50.6723790639437,0.33056985294117647,0.365625
13.181931,4,0.291496,73.39965939975471,0.41360421441303796,0.574405
13.071677,5,0.339395,49.934832532011164,0.458671243617064,0.525568
14.014546,6,0.326503,59.8770406750367,0.40984558823529416,0.423438
13.269399,7,0.40181,63.97194697678037,0.4575759575569358,0.52625
13.948294,8,0.396687,63.50519663775556,0.4903954195314489,0.553977
9.66798,9,0.395748,84.10164980545864,0.4982159090909091,0.5125
9.713519,10,0.429645,70.91431449291461,0.50996875,0.5475
9.813774,11,0.455003,70.69899221346795,0.5167608695652174,0.546875
13.172109,12,0.46542,69.71690971349777,0.5183579545454546,0.555
9.774622,13,0.429816,87.51748396749075,0.5429126082251081,0.670455
9.878686,14,0.432548,68.96963099799795,0.5273085370511842,0.602273
14.127027,15,0.444501,88.26839751575872,0.5498181818181818,0.64625
14.608178,16,0.459016,80.57270009128402,0.5797489336643749,0.636905
13.236453,17,0.510758,58.58062819738279,0.5695022440794499,0.584821
10.163641,18,0.459358,86.5886828632934,0.5681574675324675,0.674716
9.674836,19,0.48668,83.74783579293258,0.5758933823529412,0.6325
13.183876,20,0.515796,71.02497800070057,0.5715719696969697,0.588068
