Round,Accuracy (%),nt
0,0,0
0,0,1
0,0,2
1,0.37985808129904014,0
1,0.04505903924069627,1
1,0,2
2,0.5670931939362667,0
2,0.31177099746148457,1
2,0,2
