Time,Server round,Accuracy aggregated,Accuracy std,Top5,Top1
0.402407,1,0.155482,134.32143350932492,0.4357929328529657,0.520833
0.245552,2,0.269809,133.45935710919636,0.5949855169340463,0.65483
