Round,Accuracy (%),nt
0,0,0
0,0,1
0,0,2
1,0.7367215153673486,0
1,0.04120082815734989,1
1,0,2
2,0.6558007876282332,0
2,0.8086989688552189,1
2,0,2
