Time,Server round,Accuracy aggregated,Accuracy std,Top5,Top1
9.976028,1,0.245879,219.4672185088242,0.8100273569023569,0.825231
9.874535,2,0.336109,229.85275177817644,0.8071864478114479,0.825231
