Server round,Layer,Similarity
1,0,0.9994854083099339
1,1,0.9855590902921044
1,2,0.9999200179778082
1,3,0.8268851386201975
1,4,0.9981615744087597
1,5,0.7487692928421085
1,6,0.7982272144600624
1,7,0.19774829987063045
2,0,0.9993263596926134
2,1,0.9296470195675092
2,2,0.9998379589153844
2,3,0.8797361625191237
2,4,0.9966126706480484
2,5,0.8674461228933779
2,6,0.8368826318014354
2,7,0.2552202791465579
