Time,Server round,Accuracy aggregated,Accuracy std,Top5,Top1
10.126351,1,0.10214,75.6705193585983,0.26307163231505337,0.391447
13.162974,2,0.125171,92.47102248812868,0.33294774669774674,0.498798
15.716346,3,0.106079,70.92987734375409,0.22933198380566805,0.550987
9.887895,4,0.179452,81.59693621699284,0.3401996943115364,0.541667
9.762187,5,0.298031,70.00105356350002,0.392171835839599,0.471354
13.622486,6,0.287072,104.17690483019736,0.5316882125657281,0.664474
13.125798,7,0.225599,121.52031723131734,0.4947387407913723,0.803819
13.075108,8,0.290411,86.94446503372137,0.43642422818409654,0.664474
13.875983,9,0.289897,102.4900482973835,0.5328033625730993,0.702303
14.660215,10,0.319264,86.60974252357525,0.4962128466433807,0.513021
14.640786,11,0.241695,89.63496806492431,0.40279818865345185,0.544643
15.985338,12,0.366353,106.05398389499567,0.5345598571749888,0.614183
14.621821,13,0.416182,70.47160775801841,0.5157926777170199,0.549479
15.053262,14,0.406678,105.95069608077145,0.536575513302487,0.646635
14.728021,15,0.354709,92.35219271896038,0.530062979139024,0.605263
14.479926,16,0.398887,106.28945149919629,0.5791111392262709,0.628606
14.592535,17,0.407449,113.23183077209342,0.574736058897243,0.733631
13.965062,18,0.437243,86.42584972101807,0.5721765350877193,0.622396
9.795871,19,0.419692,121.64452309906926,0.614236673414305,0.674479
9.758922,20,0.399058,87.3049110875213,0.5699913847117795,0.677632
