Time,Server round,Accuracy aggregated,Accuracy std,Top5,Top1
0.393923,1,0.142247,75.63934161532607,0.304847510026738,0.43892
0.263499,2,0.216615,91.79285102882469,0.35261610671936755,0.441761
0.259215,3,0.227374,92.64193165084588,0.37719765752150664,0.409091
0.258113,4,0.280994,97.6987589481054,0.42782925136457745,0.517045
0.271628,5,0.337005,91.98819217703976,0.4660663231695841,0.546875
0.267706,6,0.341872,94.41165182327867,0.4777380952380952,0.5875
0.264299,7,0.370133,91.20958008893584,0.49998438970449843,0.595313
0.247046,8,0.385673,97.05528063943764,0.5284929536043667,0.639205
0.247647,9,0.407958,94.19867302674704,0.5353215344438171,0.630682
0.263874,10,0.417435,102.2347665914096,0.5552758799171842,0.640625
0.26999,11,0.429559,100.63273572749576,0.557369953416149,0.640625
0.26411,12,0.437842,96.45485990866402,0.5547888434029739,0.634943
0.262317,13,0.442452,98.49715731938663,0.5643139822134388,0.62642
0.258645,14,0.453381,101.48423522892607,0.5830854743083004,0.639205
0.27252,15,0.45526,104.84293013837413,0.588796442687747,0.627841
0.250077,16,0.470458,104.05551402977163,0.5934404644268775,0.643466
0.26747,17,0.482838,104.00042067222611,0.5952431418219462,0.632812
0.253215,18,0.479167,104.71790677816283,0.595245670995671,0.639205
0.244508,19,0.485143,103.15711318178694,0.5993871753246752,0.637784
0.266918,20,0.487705,104.10158500234279,0.609433170995671,0.639205
