Time,Server round,Accuracy aggregated,Accuracy std,Top5,Top1
18.09433627128601,1,0.18121069182389937,140.32929273676257,0.6843377976190477,0.9151785714285714
13.925094604492188,2,0.21573637316561844,155.24097912600269,0.702938988095238,0.9107142857142857
14.236270666122437,3,0.22765985324947588,160.3647093346912,0.8202209249084248,0.9151785714285714
14.535430669784546,4,0.30712788259958074,170.9329973995659,0.904449977106227,0.9609375
15.000921964645386,5,0.3156118972746331,160.80712048911266,0.9053800366300366,0.9609375
14.212465047836304,6,0.3255699685534591,168.0164622886698,0.8896600274725275,0.9609375
14.175811290740967,7,0.30542452830188677,173.55601286040192,0.8852535485347985,0.96484375
14.605087041854858,8,0.3576388888888889,166.6092146311242,0.8915035485347985,0.9609375
14.448054313659668,9,0.39114910901467503,158.64320848999492,0.9324261675824175,1.0
13.938998222351074,10,0.4187631027253669,153.64028638348734,0.932205815018315,1.0
14.662166595458984,11,0.4183045073375262,159.26983392971817,0.9324605082417582,1.0
14.499307870864868,12,0.41502882599580715,150.06212047015728,0.931567651098901,1.0
14.205707550048828,13,0.42521619496855345,144.7817516125565,0.9373883928571429,1.0
14.887863159179688,14,0.43297955974842767,144.261396083637,0.932514880952381,1.0
14.060791730880737,15,0.43677935010482183,146.10317450349942,0.9317708333333334,1.0
13.741856813430786,16,0.4446409853249476,147.39053429579528,0.9330357142857142,1.0
14.007246732711792,17,0.45505765199161424,157.3161606447348,0.9246279761904763,1.0
13.829039812088013,18,0.4568592767295597,160.89840396971002,0.9212448489010988,1.0
14.998467445373535,19,0.46780005241090145,156.63037891801196,0.9107486263736263,1.0
14.091724634170532,20,0.47988731656184486,157.0718307017525,0.9008699633699633,1.0
15.300409078598022,21,0.4928262578616352,160.82987906480562,0.9102529761904762,1.0
13.839226007461548,22,0.4913849580712788,158.3563689909566,0.9025892857142856,1.0
14.402823686599731,23,0.49770702306079667,155.77748746208485,0.9064457417582418,1.0
15.265231609344482,24,0.5033411949685535,157.2403815818316,0.9019024725274726,1.0
14.23713493347168,25,0.5119234800838575,159.03586513739597,0.918966346153846,1.0
