Time,Server round,Accuracy aggregated,Accuracy std,Top5,Top1
10.083236,1,0.101884,75.73605482199346,0.26307163231505337,0.391447
13.049628,2,0.124914,92.44753917763306,0.33294774669774674,0.498798
14.928555,3,0.106764,70.92903143283434,0.2311501656238498,0.550987
13.287862,4,0.18613,81.77352872415375,0.3399866854636591,0.544643
13.151811,5,0.273887,67.47479158915573,0.3862682273866484,0.506579
9.829876,6,0.280736,109.06671123674721,0.5238589438811962,0.680921
13.324249,7,0.212671,124.1316236903393,0.4901650432900433,0.807292
14.196612,8,0.310445,90.20981099636558,0.4660697197539303,0.674342
13.988141,9,0.270205,110.59547911194201,0.5275558688387635,0.741319
9.780572,10,0.339812,85.1560185776672,0.5041430168558652,0.541667
9.764038,11,0.249229,89.23198697776488,0.4121845807701071,0.555921
13.491543,12,0.389555,100.36159624079322,0.5616441745389114,0.610197
13.448133,13,0.423116,69.49956834398327,0.5020989974937343,0.549342
14.209538,14,0.414298,106.55302670501669,0.5600801884518989,0.65024
12.985706,15,0.342551,92.99057747965651,0.5152257942650744,0.569079
13.361986,16,0.417637,101.87045695391771,0.5840418353576248,0.646635
13.834807,17,0.411387,112.02404875739852,0.5772856419895893,0.741071
13.510438,18,0.435788,89.05981136292621,0.5869883040935673,0.628289
13.393259,19,0.426627,118.80247261736602,0.6201622244714351,0.669271
13.991852,20,0.414897,81.42487334960983,0.5674929511278195,0.639803
