Time,Server round,Accuracy aggregated,Accuracy std,Top5,Top1
1.108878,1,0.099339,182.9814471469717,0.14481523005979527,0.35462
0.922742,2,0.169631,304.74614025447477,0.2394851702055949,0.465625
0.826583,3,0.129573,297.09459772941005,0.2951602983930461,0.608774
