Time,Server round,Accuracy aggregated,Accuracy std,Top5,Top1
10.011427,1,0.325393,259.529665934359,0.9111482267732267,1.0
10.847904,2,0.453893,303.1975593569315,0.9672421328671328,1.0
9.897804,3,0.482326,294.30366545457775,0.9672421328671328,1.0
9.971021,4,0.562415,270.830440497371,0.9689466783216784,1.0
10.212593,5,0.699454,263.5066223076756,0.9779189560439561,1.0
9.893351,6,0.710212,261.42664363067513,0.9776957417582418,1.0
10.049132,7,0.720202,255.1019159081327,0.9779532967032967,1.0
10.005838,8,0.786288,242.34984526506304,0.9772321428571429,1.0
9.660162,9,0.794484,240.46306889000647,0.9774725274725273,1.0
9.997702,10,0.803279,245.62459160271393,0.9772321428571429,1.0
9.840088,11,0.781933,245.98066997225615,0.9774725274725273,1.0
11.03222,12,0.807548,244.03604241996712,0.9779532967032967,1.0
9.776657,13,0.77015,239.25551195322544,0.9761567379988433,1.0
9.810302,14,0.780823,246.46761957709577,0.9779532967032967,1.0
9.995168,15,0.791411,241.25287044924463,0.9774725274725273,1.0
9.922938,16,0.782616,232.88583039764356,0.9772321428571429,1.0
9.993772,17,0.820441,237.78676897590412,0.977712912087912,1.0
9.856387,18,0.821038,241.3594000655454,0.9772321428571429,1.0
9.793198,19,0.789361,241.39529303613193,0.9772321428571429,1.0
9.824328,20,0.725324,251.27213832814812,0.9774725274725273,1.0
