Time,Server round,Accuracy aggregated,Accuracy std,Top5,Top1
4.516046,1,0.136014,95.41555166743,0.38655753968253964,0.541667
4.316055,2,0.195867,100.998069288477,0.43735994397759104,0.527574
4.365098,3,0.219433,119.35137200719562,0.47400911515922156,0.58125
