Round,Cid,Selected,Total time,Size of parameters,Avg loss train,Avg accuracy train
1,4,1,1.48939,1276408,1.847366,0.2825
1,18,1,1.142916,1276408,1.487986,0.510064
2,1,1,1.460193,1276408,1.751464,0.402232
2,2,1,1.579324,1276408,1.821297,0.331981
3,18,1,1.203775,1276408,1.195257,0.579449
3,7,1,1.674045,1276408,1.77809,0.320956
