Time,Server round,Accuracy aggregated,Accuracy std,Top5,Top1
219.105334,1,0.099593,183.4460138569383,0.14514122200263505,0.355299
226.686261,2,0.190464,340.71555585267896,0.268863617213592,0.516984
245.508035,3,0.114245,319.61459603716474,0.30066132689773994,0.739583
271.665911,4,0.137788,236.55360914600305,0.21458409344278911,0.516984
252.027644,5,0.247544,202.6677330015807,0.3762268921510269,0.538306
