Time,Server round,Accuracy aggregated,Accuracy std,Top5,Top1
11.098150491714478,1,0.13612713139418256,136.3439782315303,0.5295164651810925,0.6330645161290323
4.661046028137207,2,0.1654651454363089,141.0814077049134,0.5733710866033136,0.7142857142857143
4.635432004928589,3,0.15380516549648948,161.88687531730298,0.7341115900383143,0.9308035714285714
4.761633396148682,4,0.207466148445336,141.1824195854427,0.6884114583333333,0.8705357142857143
4.24745774269104,5,0.2446715145436309,150.80737912980254,0.7880438311688313,0.9460227272727273
4.524291753768921,6,0.18865972918756269,136.93369052209175,0.796140873015873,0.9397321428571429
4.941031217575073,7,0.24228936810431295,153.8756640927993,0.8358234126984125,0.9821428571428571
4.971705913543701,8,0.24943580742226681,177.73062313512548,0.8897479256854257,0.9564732142857143
4.594363451004028,9,0.2856695085255767,188.61453178374143,0.8629374098124097,0.9460227272727273
4.580819845199585,10,0.30895812437311937,199.28592624668707,0.8819922438672438,0.9460227272727273
4.860086441040039,11,0.35772943831494486,206.20483117521763,0.8821051864801864,0.984375
4.764247417449951,12,0.33998871614844534,186.3237408383591,0.840763888888889,0.9131944444444444
5.1192522048950195,13,0.3736522066198596,197.432934435975,0.8789709595959596,0.925
4.68233060836792,14,0.4093217151454363,186.4888940392966,0.8920833333333332,0.98125
4.8969810009002686,15,0.4416374122367101,234.16993829268523,0.9311742424242425,0.9460227272727273
4.719031095504761,16,0.46354689067201604,236.53873171216588,0.9419447097020626,0.9724264705882353
5.028112173080444,17,0.49391925777331996,250.47845096933986,0.9443097643097642,0.9664351851851852
4.671226501464844,18,0.5514669007021064,218.93356435229387,0.9476788720538721,1.0
5.17232608795166,19,0.5458876629889668,244.3857966412942,0.9595663650075416,1.0
5.058029890060425,20,0.5993292377131394,242.40891815277752,0.9626041666666666,1.0
4.697906732559204,21,0.5589894684052157,210.73836290528595,0.96075311942959,1.0
4.250313758850098,22,0.5226303911735206,212.00238111870348,0.9568570616652459,1.0
4.720533609390259,23,0.5454175025075225,212.64416192315272,0.9632520529579353,1.0
4.729305267333984,24,0.581807923771314,216.849584735595,0.9638226629035451,1.0
4.475315093994141,25,0.627382146439318,223.52292410399428,0.9679407297613819,1.0
