Time,Server round,Accuracy aggregated,Accuracy std,Top5,Top1
10.052337,1,0.099502,118.55061155472798,0.4965335489792012,0.798295
13.052625,2,0.10182,119.66415503399504,0.5022507157697376,0.798295
