Round,Accuracy (%),nt
0,0,0
0,0,1
0,0,2
1,0.32298209121125787,0
1,0.04139492753623188,1
1,0,2
2,0.2861637909192257,0
2,0.19791009048821548,1
2,0,2
