Time,Server round,Accuracy aggregated,Accuracy std,Top5,Top1
10.097906,1,0.245707,219.46273032111853,0.8100273569023569,0.825231
9.921662,2,0.33568,229.7841378337504,0.8051031144781146,0.825231
10.858726,3,0.450549,241.1353147093971,0.8502426895769288,0.953125
10.038238,4,0.525326,230.89769920897868,0.8659564393939394,0.953125
9.887582,5,0.633242,205.32281899486964,0.8454782196969697,0.951823
10.07892,6,0.644574,195.08085503195846,0.8623363037425538,0.951823
10.041613,7,0.665436,179.79306855382384,0.8604325858571782,0.951823
9.854982,8,0.72124,178.28670028916906,0.8656814539627039,0.951823
9.83535,9,0.715831,186.25410062599963,0.8872905344202898,0.953125
11.216006,10,0.75103,181.58232292819696,0.8836566194698703,0.951823
10.007447,11,0.757812,175.03864573287808,0.8909932446939026,0.953125
9.960287,12,0.762277,177.90179172790812,0.8976289731554677,0.954427
9.778426,13,0.764166,174.55671714374097,0.8970288825757576,0.954427
9.891437,14,0.765282,172.98904589597572,0.9048113344988344,0.951823
9.864927,15,0.768458,173.5299613899571,0.904210372960373,0.953125
9.972513,16,0.774124,170.72881274114218,0.897265625,0.954427
9.899544,17,0.785199,175.09857223861079,0.9140557281915263,0.960227
9.909855,18,0.786573,170.57751903460198,0.9151072546113307,0.957386
9.965427,19,0.793441,172.14206342437052,0.9137746877216986,0.957386
9.888521,20,0.800481,174.05131427254435,0.918257749949326,0.953125
