Time,Server round,Accuracy aggregated,Accuracy std,Top5,Top1
9.936674,1,0.216353,134.57573146745293,0.49468171631000574,0.717262
9.959726,2,0.303767,149.6918167436016,0.5737586152882205,0.747024
9.783182,3,0.406079,142.99799823773756,0.647334321380374,0.754464
9.848445,4,0.467808,139.6046560828112,0.7038905757984706,0.819444
10.544741,5,0.548887,116.4222809431253,0.733312447786132,0.835069
9.728908,6,0.529966,130.28065857985214,0.7295464221451062,0.819444
9.634133,7,0.554024,129.32612845051847,0.7481743220230063,0.857639
9.616558,8,0.595034,115.75080993237154,0.7618170024420025,0.866319
9.777079,9,0.614726,111.16564217418977,0.7867220133667502,0.868056
9.641894,10,0.625514,107.05283742152751,0.7841217627401837,0.868056
9.873462,11,0.638271,112.14716893439619,0.8016186299081036,0.868056
9.778064,12,0.651884,114.99699996086855,0.8034388856757279,0.859375
9.751957,13,0.658904,110.31663519161559,0.8033236135209819,0.862847
9.695984,14,0.667979,112.07671479839155,0.8085330513784461,0.869792
9.702226,15,0.675856,115.84563004274266,0.8312291144527986,0.871528
9.738727,16,0.678767,113.20839191508729,0.8283208020050126,0.864583
9.794618,17,0.679966,116.2858116882709,0.8377793441938179,0.862847
9.886327,18,0.687158,116.0552023823146,0.8335134711779449,0.869792
9.720501,19,0.68613,114.66346410256408,0.8397765246449456,0.868056
9.852131,20,0.687671,113.02141390019858,0.8390220342522973,0.876736
