Time,Server round,Accuracy aggregated,Accuracy std,Top5,Top1
123.783186,1,0.160581,106.11007256618007,0.3745275119617225,0.485795
125.59803,2,0.276495,109.47858238029939,0.4343386164274322,0.481534
125.603055,3,0.324134,107.13042284990756,0.4847293660287081,0.520312
125.741784,4,0.370245,101.63906729206049,0.4965909090909092,0.520833
126.672276,5,0.457456,88.82076052365235,0.5546844541910331,0.617188
127.529454,6,0.479959,89.80445423251565,0.5958278508771929,0.628125
124.811548,7,0.506963,98.8248450542676,0.6187861842105262,0.634868
127.431359,8,0.509681,100.2012474972243,0.6105098684210526,0.626645
127.785666,9,0.52641,96.35895132264567,0.6211074561403509,0.664062
125.113222,10,0.544667,97.02736727336261,0.6431907894736841,0.678125
129.397374,11,0.55248,92.63697965715417,0.6470559210526317,0.690625
126.317777,12,0.564283,96.57736536062681,0.6504660087719298,0.695312
126.926164,13,0.569803,90.89911990773068,0.6430701754385965,0.690625
127.54613,14,0.581182,97.601024584786,0.6576535087719299,0.698438
127.021499,15,0.587381,97.54807788982825,0.6589473684210526,0.69375
127.612048,16,0.595533,95.71221186452645,0.6773574561403508,0.703125
129.795667,17,0.596552,98.59506833508459,0.6869791666666667,0.742188
128.007913,18,0.60377,95.58425602577027,0.6889364035087719,0.721875
128.038009,19,0.608441,98.08663262646954,0.7004605263157895,0.717187
121.563276,20,0.619395,101.8538659060126,0.6987719298245614,0.726562
