Time,Server round,Accuracy aggregated,Accuracy std,Top5,Top1
124.354768,1,0.160496,106.05305276134204,0.3742150119617225,0.485795
125.692263,2,0.27607,109.49222575142036,0.4338756534644692,0.481534
125.728979,3,0.319633,101.80108054436357,0.469212187666135,0.502841
126.090914,4,0.368376,101.61638647383599,0.4833179824561403,0.528646
126.96205,5,0.451427,89.8730215359426,0.5507258771929824,0.615625
128.053043,6,0.473675,93.92331978800578,0.6063103070175438,0.6375
126.880094,7,0.492782,99.28457835938067,0.6110789473684212,0.63125
124.808134,8,0.505859,103.58874214894203,0.6195718201754385,0.66875
128.185889,9,0.521909,98.48253652297956,0.6242050438596491,0.671875
126.184658,10,0.54713,96.99137848283218,0.6545065789473684,0.685855
129.517457,11,0.560632,89.16888470761536,0.6509758771929824,0.680921
125.999316,12,0.576087,96.93069689216105,0.6646984649122807,0.71875
126.877534,13,0.58356,93.24398103899253,0.6625493421052632,0.726562
126.700974,14,0.590183,97.17844411185024,0.6660087719298244,0.715625
127.576799,15,0.593156,98.84425881152633,0.6695504385964913,0.707812
127.197098,16,0.596892,100.0787065264135,0.6778618421052631,0.735938
128.024225,17,0.595448,97.99867346040966,0.6752357456140352,0.723437
128.536679,18,0.605724,98.24524161505227,0.6795723684210525,0.714063
129.020997,19,0.613281,97.31233220923235,0.6965679824561404,0.726562
122.659354,20,0.620669,99.84010967542054,0.7003563596491228,0.73125
