Time,Server round,Accuracy aggregated,Accuracy std,Top5,Top1
293.38417,1,0.163128,109.6441858923673,0.38343376196172246,0.485795
295.239462,2,0.280486,107.85280478504023,0.44684767078681553,0.496875
297.407361,3,0.3125,95.33729595494096,0.4502282695374801,0.502841
298.997773,4,0.37466,101.99921568325905,0.490719696969697,0.518229
297.246918,5,0.458135,89.64088074087626,0.557502990430622,0.604688
297.472711,6,0.47376,91.49670759103849,0.5814802631578948,0.626563
301.371878,7,0.501529,101.78167811546437,0.6021063596491227,0.639803
306.122455,8,0.511974,111.08531631138293,0.6199188596491229,0.670312
295.795598,9,0.531675,100.77672102226782,0.6239802631578948,0.678125
305.651541,10,0.540506,100.68062127341089,0.6383519736842105,0.689063
297.250272,11,0.564623,92.04046664375404,0.6450767543859649,0.704688
308.826787,12,0.566491,95.14487637282419,0.6481129385964912,0.7
297.515149,13,0.575493,96.86912562834455,0.6569791666666667,0.701562
315.266084,14,0.584069,100.53949472719663,0.6571600877192983,0.692187
301.565813,15,0.590183,99.13097396878536,0.674155701754386,0.692187
305.887773,16,0.600374,102.5575448224069,0.6793201754385965,0.701562
304.173284,17,0.602921,103.1818782538872,0.6807620614035088,0.723437
311.430276,18,0.611668,100.49939054541574,0.6826178728070175,0.728125
302.118527,19,0.613876,101.65848464343742,0.6873985745614035,0.723684
304.964893,20,0.621603,100.79335295544047,0.6914418859649122,0.731908
