Time,Server round,Accuracy aggregated,Accuracy std,Top5,Top1
0.375422,1,0.212005,223.92862143995796,0.8444616239024134,1.0
0.248497,2,0.299522,264.52568873362753,0.9188218031968033,1.0
0.267912,3,0.381831,289.3059626070641,0.948972902097902,1.0
0.260185,4,0.450051,274.8162067637205,0.9501966783216783,1.0
