Time,Server round,Accuracy aggregated,Accuracy std,Top5,Top1
9.480334997177124,1,0.2285920260782347,206.3622068112279,0.9221138010540184,1.0
5.226447343826294,2,0.3792627883650953,250.82440072688303,0.9754166666666666,1.0
5.265361785888672,3,0.427846038114343,235.83731680970251,0.9839962121212121,1.0
5.390538454055786,4,0.5773884152457373,210.85208938969518,0.9840686274509803,1.0
5.505531311035156,5,0.735017552657974,244.67995422592347,0.9868477229601517,1.0
5.16702127456665,6,0.7853247241725175,243.31027516321623,0.9954156327543424,1.0
5.553078889846802,7,0.8378259779338014,239.76663654478705,0.9945146520146521,1.0
5.635812997817993,8,0.8447530090270813,242.9490061720772,0.995352564102564,1.0
5.641326904296875,9,0.8734327983951855,257.3775778889839,0.9956456043956046,1.0
5.267374515533447,10,0.934679037111334,250.1892883398488,0.9969642857142859,1.0
5.56011176109314,11,0.9359327983951855,250.49119745012996,0.9968055555555555,1.0
5.45303750038147,12,0.9344282848545636,253.83873305703366,0.9966765873015874,1.0
5.653714895248413,13,0.9389731695085256,254.06574031143987,0.9966765873015874,1.0
5.340970039367676,14,0.9452419759277834,257.52747503907227,0.9976978291316527,1.0
5.426840305328369,15,0.9448345035105316,254.3746559702833,0.9963480392156863,1.0
5.249139785766602,16,0.9529526078234705,254.1582507021954,0.9968849206349205,1.0
5.355789661407471,17,0.9564631394182548,254.55013258688356,0.9965376984126983,1.0
5.647472143173218,18,0.9587199097291875,257.3629973403325,0.9977083333333333,1.0
5.696368932723999,19,0.95768555667001,256.44530332996936,0.9973611111111111,1.0
5.721325397491455,20,0.9575601805416248,256.25487312439543,0.9977779573367809,1.0
5.5015599727630615,21,0.9606632397191575,254.46551750679305,0.9979967948717949,1.0
5.248957633972168,22,0.9630140421263791,257.04748510732406,0.9972321428571428,1.0
5.351627826690674,23,0.967558926780341,256.1213688859249,0.9995833333333334,1.0
5.604269742965698,24,0.9665245737211635,256.3313511843606,0.9983101851851852,1.0
5.618356943130493,25,0.9679350551654965,255.6498300410153,0.9970192307692308,1.0
