Time,Server round,Accuracy aggregated,Accuracy std,Top5,Top1
9.52322268486023,1,0.2280591775325978,205.82179087744817,0.9212615283267457,1.0
5.0828657150268555,2,0.37929413239719156,251.1370534190445,0.9777435064935066,1.0
5.290810823440552,3,0.4296639919759278,236.80416888222217,0.9847267316017316,1.0
5.381197929382324,4,0.5890483951855566,210.77571112440825,0.986204481792717,1.0
5.420664310455322,5,0.7370235707121364,239.67211268731288,0.9848236440978375,1.0
5.090020179748535,6,0.7870173019057172,240.5513408817336,0.9931306865177832,1.0
5.487098932266235,7,0.838108074222668,245.4832206078452,0.992783613445378,1.0
5.666610479354858,8,0.8416812938816449,248.79786253101133,0.9931691628264208,1.0
5.6224634647369385,9,0.8738402708124373,258.6013990681412,0.9939664502164502,1.0
5.208370685577393,10,0.9401955867602808,252.6921320500502,0.995521978021978,1.0
5.548954010009766,11,0.9384089769307924,255.3290653255128,0.9971626984126984,1.0
5.41031289100647,12,0.9381268806419257,257.66730487199965,0.9958648989898989,1.0
5.593416213989258,13,0.9361522066198595,259.354013657009,0.9961111111111112,1.0
5.390692472457886,14,0.9472479939819458,253.22149118903792,0.9976978291316527,1.0
5.327820777893066,15,0.9486898194583752,251.09453279591733,0.9967156862745098,1.0
5.112787485122681,16,0.9528272316950852,257.7084779358258,0.996736111111111,1.0
5.3281590938568115,17,0.9593781344032096,259.0594032263643,0.9980257936507936,1.0
5.4714648723602295,18,0.9624811935807422,257.7664066553281,0.9984722222222222,1.0
5.75529408454895,19,0.9599423269809428,257.4091870932349,0.9980555555555556,1.0
5.518213748931885,20,0.9668380140421263,252.71120592486594,0.9977369281045751,1.0
5.624540328979492,21,0.9643304914744233,251.7363255471884,0.9973478835978836,1.0
5.180418014526367,22,0.9607259277833501,259.032391024752,0.9986441798941799,1.0
5.351284980773926,23,0.9599109829488466,257.9931975847425,0.9973478835978836,1.0
5.556183338165283,24,0.9620110330992979,256.3433135465016,0.9983386752136753,1.0
5.687711477279663,25,0.9607572718154463,260.55248684286244,0.9987090455840455,1.0
