Time,Server round,Accuracy aggregated,Accuracy std,Top5,Top1
4.520939,1,0.121051,134.92238509602475,0.48555645012881854,0.822443
4.307529,2,0.194712,201.65277087111897,0.6970503917378916,0.824074
4.300823,3,0.181576,169.84077101803325,0.706227671784737,0.823864
