Round,Accuracy (%),nt
0,0,0
0,0,1
0,0,2
0,0,3
1,0.7129042832167831,0
1,0.07744945341573632,1
1,0,2
1,0,3
2,0.6169744318181818,0
2,0.7136145104895104,1
2,0.07033536087298424,2
2,0,3
3,0.6805889423076923,0
3,0.6183948863636364,1
3,0.8238636363636364,2
3,0,3
