Round,Cid,Selected,Total time,Size of parameters,Avg loss train,Avg accuracy train
1,18,1,1.078768,1276408,1.362462,0.497685
1,4,1,1.71986,1276408,0.733288,0.788542
2,2,1,0.911202,1276408,0.799114,0.757102
2,1,1,1.570348,1276408,1.56688,0.344907
3,7,1,1.041847,1276408,0.99961,0.670956
3,18,1,1.070179,1276408,1.093912,0.512731
