Time,Server round,Accuracy aggregated,Accuracy std,Top5,Top1
10.029859,1,0.101884,75.73605482199346,0.26307163231505337,0.391447
13.140388,2,0.125342,92.23589323034716,0.3327073620823621,0.497596
13.47168,3,0.122945,69.38414804550098,0.2383233926161558,0.546053
9.701096,4,0.214212,88.44258024277671,0.387106971975393,0.587798
13.33915,5,0.282962,68.38631076465524,0.39885199778291885,0.460526
14.247637,6,0.272945,105.8085062743067,0.5163381800088456,0.666118
14.777832,7,0.206507,123.09199811523087,0.48346908939014205,0.788194
14.78871,8,0.310274,87.24482792693215,0.44737554112554107,0.65625
15.203381,9,0.280308,105.28964811414274,0.5293990183792816,0.697368
9.751895,10,0.33476,77.88035695860671,0.49216838051009876,0.529412
9.730402,11,0.260017,90.07623160412517,0.4207222601959445,0.563988
14.811128,12,0.386301,105.94876120087481,0.5577727170490328,0.616587
15.096353,13,0.415411,72.3017288866594,0.5178671109592162,0.552632
14.942487,14,0.394949,104.94297260893651,0.5379846852708695,0.627404
15.108275,15,0.366952,92.85477909079317,0.5411377708978329,0.587171
9.811643,16,0.403596,102.5295567141495,0.5706484761583447,0.635817
9.774378,17,0.399058,109.8519344390439,0.5618107769423559,0.720238
14.828412,18,0.445291,86.39761281424389,0.5733004385964912,0.619792
14.817201,19,0.420291,122.47223154658366,0.6144915373369321,0.664663
14.848207,20,0.402997,89.35674289050603,0.5752284356725147,0.659539
