Time,Server round,Accuracy aggregated,Accuracy std,Top5,Top1
18.29882550239563,1,0.1396095387840671,106.90847674529836,0.7662351190476191,0.9129464285714286
12.469140768051147,2,0.13535115303983228,113.50414265567578,0.7692708333333333,0.9151785714285714
12.910398721694946,3,0.17138364779874213,128.10460725516472,0.7611807463369964,0.9129464285714286
12.350361108779907,4,0.17734538784067086,124.87178063918203,0.8383384844322345,0.96484375
13.407691717147827,5,0.20427148846960166,132.98466678531025,0.8597149725274725,0.95625
12.812528610229492,6,0.1989321278825996,129.20777221204614,0.7855483058608058,0.9107142857142857
12.884967803955078,7,0.24240041928721173,136.12670568261026,0.8742015796703295,0.94140625
13.196696281433105,8,0.23601284067085954,158.29317736402916,0.8666494963369964,0.9136904761904762
11.532432079315186,9,0.256354821802935,161.41564236467298,0.8695913461538461,0.9151785714285714
12.909680128097534,10,0.27846567085953877,136.30634467991575,0.8752833104395604,0.94921875
13.560246229171753,11,0.2893409329140461,138.52676420100195,0.8819024725274724,0.95703125
12.449037075042725,12,0.26080974842767296,122.00517366079194,0.8607142857142858,0.9609375
12.203729152679443,13,0.3266181865828092,132.57799063192957,0.9006181318681319,1.0
13.666519403457642,14,0.2775157232704403,126.01986510070545,0.8591346153846153,1.0
13.16952657699585,15,0.2918632075471698,122.95674036017708,0.8890453296703296,1.0
12.883327722549438,16,0.29933176100628933,119.26048130038718,0.9063616071428571,1.0
13.086170196533203,17,0.310436320754717,133.75891895496164,0.9342261904761905,1.0
12.446714401245117,18,0.326061320754717,136.53480728371065,0.9307291666666666,1.0
13.835236549377441,19,0.35632861635220126,139.15145130396593,0.9353422619047619,1.0
12.843780755996704,20,0.3541339098532495,139.43934738803102,0.9335193452380952,1.0
13.46112585067749,21,0.3671711215932914,133.80354105927094,0.9102678571428571,1.0
12.586161613464355,22,0.37798087002096437,142.43262126352937,0.9268973214285714,1.0
12.830909490585327,23,0.37224842767295596,142.3540712449068,0.9184151785714285,1.0
13.481407642364502,24,0.3878079140461216,143.55950543241642,0.9129321199633701,1.0
13.462321758270264,25,0.3853839098532495,145.41530180830352,0.9114068223443222,1.0
