Time,Server round,Accuracy aggregated,Accuracy std,Top5,Top1
0.837592,1,0.099502,161.03306337519632,0.3464883207070707,0.951823
0.66219,2,0.123455,129.51559751628372,0.5364555579336758,0.798295
0.68789,3,0.121566,157.25762302667556,0.409053528708134,0.903646
0.668521,4,0.113324,155.31548538378266,0.3344044612794613,0.820602
0.648735,5,0.170072,118.6576904376619,0.4756138960399186,0.783203
0.654431,6,0.186212,130.99636445336947,0.4420430871212121,0.568359
