Time,Server round,Accuracy aggregated,Accuracy std,Top5,Top1
11.19419240951538,1,0.20511534603811435,198.5222042996702,0.8731601731601731,1.0
5.51496696472168,2,0.2516925777331996,218.3754564963746,0.9248308982683984,1.0
5.508264064788818,3,0.3250689568706118,233.36838603375566,0.9754058441558442,1.0
5.588287353515625,4,0.3988528084252758,243.15462158881536,0.9820458074534162,1.0
5.518815755844116,5,0.46671263791374124,278.67263948941957,0.9758116883116884,1.0
5.255250930786133,6,0.5645373620862588,260.9485995363838,0.9912202380952382,1.0
5.6478471755981445,7,0.5490534102306921,286.00228041048905,0.9868303571428572,1.0
5.737262487411499,8,0.6320210631895687,278.8084675902079,0.9875405844155845,1.0
5.764015436172485,9,0.706055667001003,281.38992448202544,0.9858333333333335,1.0
5.34366774559021,10,0.7404400702106319,268.7596852208307,0.9902002164502164,1.0
5.886299133300781,11,0.7805604312938816,266.5478876299717,0.9925099206349206,1.0
5.4928765296936035,12,0.7910606820461384,267.5271619854702,0.994760101010101,1.0
5.7859110832214355,13,0.8112462387161484,265.7847068587656,0.9953057359307358,1.0
5.567380905151367,14,0.8215270812437312,264.0865009802659,0.9950595238095239,1.0
5.6420793533325195,15,0.8266361584754263,264.1828313876585,0.993831168831169,1.0
5.234667778015137,16,0.8388289869608826,257.2585905271192,0.9943569624819624,1.0
5.53458833694458,17,0.8466023069207623,264.9770556104811,0.9949549062049062,1.0
5.684576749801636,18,0.8446903209628887,269.5153049457488,0.9943867243867244,1.0
5.772881031036377,19,0.8415245737211635,268.67682892277855,0.9945950577200577,1.0
5.798769474029541,20,0.8483262286860582,265.65279972174204,0.9946939634439633,1.0
5.755925416946411,21,0.8499874623871615,264.7764914035987,0.9946708152958152,1.0
5.348962068557739,22,0.8549711634904714,265.25958682015624,0.9952579365079366,1.0
5.371899604797363,23,0.87195962888666,269.61364134627905,0.9965079365079366,1.0
5.801434516906738,24,0.8724297893681043,268.15401842970766,0.9945950577200577,1.0
5.775881767272949,25,0.873589518555667,267.6251176552754,0.9964384226884228,1.0
