Time,Server round,Accuracy aggregated,Accuracy std,Top5,Top1
9.906495,1,0.100599,76.30129422231316,0.26307163231505337,0.393092
13.489754,2,0.122003,92.13353081262001,0.32975864413364414,0.496394
13.903501,3,0.14649,67.86271067383029,0.2564979757085021,0.536184
13.279392,4,0.205223,89.32036441931929,0.3830212368041315,0.595238
17.338739,5,0.288955,71.01399509955766,0.39783059593914855,0.471354
13.836081,6,0.263442,114.46234096854738,0.5043451034259858,0.717262
13.288241,7,0.254452,117.2179167192456,0.5037933375104429,0.777778
12.418345,8,0.312586,87.62275674731993,0.4570513642059694,0.626645
9.812291,9,0.290925,102.76667747864578,0.533030492898914,0.725694
13.250291,10,0.337414,84.17688221833832,0.5006165902595856,0.544271
14.106069,11,0.260616,90.74778234204955,0.4259790100250626,0.55506
17.102893,12,0.375428,103.14934561110894,0.5463163517768781,0.61899
13.118996,13,0.410531,66.7524344125366,0.512280701754386,0.577303
13.525427,14,0.404709,106.87996772080352,0.547427764121843,0.659856
13.428897,15,0.378168,92.35652386269201,0.5397710729028453,0.578947
13.228513,16,0.411815,102.28074110016998,0.5827513495276653,0.626202
13.349622,17,0.411644,113.77407437549206,0.5760157605552342,0.767857
13.660032,18,0.439726,88.33549682885132,0.5737938596491229,0.614583
13.237233,19,0.426884,122.67236852690178,0.6237366452991453,0.695312
13.199211,20,0.40488,91.23841022288804,0.5774488304093567,0.659539
