Time,Server round,Accuracy aggregated,Accuracy std,Top5,Top1
10.153601,1,0.10502,116.03857117355419,0.31281426221804515,0.520833
13.097699,2,0.127732,93.15717900408963,0.3069346092503987,0.5625
13.405237,3,0.239839,86.83229525931006,0.3968901121089168,0.455357
10.092838,4,0.218665,86.86683774605818,0.44275532581453636,0.549342
10.115636,5,0.300803,108.6780911683675,0.4973777554500061,0.678571
9.861613,6,0.349898,103.91482088710926,0.48590381804895877,0.52038
9.788181,7,0.317964,123.18628170376765,0.551281328320802,0.706845
13.382575,8,0.366462,123.40923790381335,0.5532936258384933,0.6625
13.632912,9,0.26238,93.70713686801021,0.4160439735702893,0.575284
10.303601,10,0.397456,115.57416450054917,0.5622442455242966,0.618207
10.022301,11,0.355362,140.0256762168996,0.5709614980145377,0.6
10.435218,12,0.31361,124.13431233949782,0.5145436507936508,0.861607
10.031759,13,0.29474,113.97780485691062,0.49950230690362274,0.653409
9.769996,14,0.448941,115.70172859555728,0.5753571428571428,0.653274
9.861189,15,0.435536,116.51758450980692,0.5973386311046157,0.671131
10.404639,16,0.383709,84.21763473287528,0.5799329051796157,0.672619
13.468014,17,0.39054,110.7700771869371,0.6414225668337511,0.793155
9.882066,18,0.457736,105.97899556044113,0.5539675638371291,0.59875
12.692177,19,0.485229,103.11657238291039,0.5810294117647059,0.769345
13.389621,20,0.404798,131.06772104526726,0.5979138655462185,0.709821
