Time,Server round,Accuracy aggregated,Accuracy std,Top5,Top1
23.240832328796387,1,0.2682735707121364,0.9591242508202227,1.0
11.677253007888794,2,0.3773508024072217,0.9794131601916127,1.0
11.622636318206787,3,0.5137913741223671,0.9824918554378274,1.0
11.034117221832275,4,0.549805667001003,0.989031862745098,1.0
10.373343229293823,5,0.595912738214644,0.989924719887955,1.0
11.719133615493774,6,0.6356569709127382,0.9918890056022409,1.0
12.09817624092102,7,0.6671263791374122,0.9925250933706817,1.0
11.590641736984253,8,0.7006958375125376,0.9939889971139971,1.0
11.552042484283447,9,0.7783036609829489,0.9945652958152958,1.0
11.383779764175415,10,0.7910920260782347,0.9945652958152958,1.0
