Time,Server round,Accuracy aggregated,Accuracy std,Top5,Top1
30.956369638442993,1,0.26952733199598794,0.9577353619313337,1.0
15.06345272064209,2,0.45677657973921765,0.9793927353550116,1.0
14.604478597640991,3,0.4998119358074223,0.9771864724150531,1.0
15.835265159606934,4,0.5274887161484454,0.9880397992530344,1.0
14.25148868560791,5,0.5996740220661986,0.9898255135387487,1.0
15.626728773117065,6,0.6552156469408225,0.9944841269841269,1.0
16.6523277759552,7,0.6664681544633901,0.9935912698412699,1.0
15.889729976654053,8,0.701071965897693,0.9953589466089465,1.0
15.852046728134155,9,0.7807798395185557,0.9950117243867244,1.0
15.40310788154602,10,0.8011848044132397,0.9952200577200576,1.0
