Time,Server round,Accuracy aggregated,Accuracy std,Top5,Top1
10.932872,1,0.118461,69.66266934305632,0.2624111842105263,0.39375
14.265807,2,0.222656,89.24847337629927,0.36101483585858585,0.428125
