Round,Accuracy (%),nt
0,0,0
0,0,1
0,0,2
1,0.19438638618326118,0
1,0.07728124564884432,1
1,0,2
2,0.2715697664299638,0
2,0.27913312815656566,1
2,0,2
