Time,Server round,Accuracy aggregated,Accuracy std,Top5,Top1
123.678287,1,0.245707,219.46273032111853,0.8100273569023569,0.825231
126.675561,2,0.335594,229.70817900109694,0.8051031144781146,0.825231
125.080221,3,0.451751,231.88982297634365,0.8495870159932659,0.951823
124.852709,4,0.516226,228.04917781040123,0.8542929292929292,0.953125
126.215025,5,0.637105,203.9005823924983,0.8465425312911725,0.951823
127.778859,6,0.655821,200.80972959495762,0.8618453161421911,0.951823
126.640819,7,0.677455,181.48594298181885,0.8556656306656307,0.951823
126.526143,8,0.734032,178.7533216474592,0.8805645554626533,0.951823
127.256146,9,0.732658,183.288597572244,0.8864243659420289,0.951823
125.004753,10,0.747167,182.11981632979976,0.8815423254281949,0.951823
128.29899,11,0.750859,173.14996390412563,0.8906759906759906,0.953125
124.99822,12,0.766827,172.8208320776173,0.9060426326390999,0.951823
126.185185,13,0.784083,172.92752094446968,0.9035459897891963,0.951823
125.992191,14,0.778417,174.03542024542017,0.9046355195981555,0.951823
127.317138,15,0.786573,176.68075729971275,0.8990231801712779,0.951823
126.35306,16,0.785199,173.84938883988062,0.900410142393838,0.951823
126.634804,17,0.78683,173.5015489844399,0.9140779793123542,0.963068
127.429281,18,0.78683,175.3133979477895,0.9081127890749603,0.951823
122.233089,19,0.797218,176.1391779247309,0.917934386718354,0.957386
129.060856,20,0.796961,174.9131999021229,0.9092457022144522,0.953125
