Time,Server round,Accuracy aggregated,Accuracy std,Top5,Top1
124.197529,1,0.245707,219.46273032111853,0.8100273569023569,0.825231
125.31914,2,0.33568,229.70143665201573,0.804871632996633,0.824074
125.832529,3,0.467548,231.94872278156654,0.8439051978114478,0.951823
125.504462,4,0.526271,230.21327068611836,0.8561079545454546,0.953125
129.330598,5,0.650755,204.47884976202306,0.8575026762187088,0.951823
127.555694,6,0.669986,202.12980977579727,0.8728735146194385,0.951823
126.798236,7,0.69557,185.9808861146758,0.8805760737879588,0.951823
124.257256,8,0.750687,180.62574567320132,0.8984391794085015,0.951823
128.026114,9,0.751116,174.63632926742363,0.891766826923077,0.951823
125.487342,10,0.754035,178.5265456451785,0.888091856060606,0.951823
129.127995,11,0.758499,175.6632787465838,0.9004724305299963,0.951823
125.938237,12,0.763994,173.77499100848775,0.8963086392773894,0.951823
126.545611,13,0.780048,170.83006175729142,0.9045445439976689,0.953125
128.149383,14,0.77919,172.96866768290724,0.9050298659673659,0.954427
127.24364,15,0.787345,176.39061057777423,0.9073408362470863,0.954427
127.534668,16,0.787775,173.04669889945893,0.9072901226943347,0.951823
127.933952,17,0.788032,172.69234928044727,0.9086647727272726,0.957386
128.168546,18,0.793269,174.01465455529888,0.912368881118881,0.953125
129.07899,19,0.792067,170.80781598041702,0.9119256422924901,0.957386
121.854952,20,0.800996,176.15178114342189,0.9134294713438734,0.954545
