Time,Server round,Accuracy aggregated,Accuracy std,Top5,Top1
31.35500717163086,1,0.19417627883650954,144.66599462209493,0.6547628066378066,0.8020833333333334
15.735595464706421,2,0.1362525075225677,121.48488136389646,0.49543470418470414,0.76875
15.119268417358398,3,0.3418693580742227,181.2911481567702,0.7782303046415949,0.9147727272727273
15.10442852973938,4,0.5469533600802408,229.027421938946,0.9072331574675324,0.955078125
14.907267332077026,5,0.5252006018054163,211.50296830068368,0.9302029220779222,0.9568452380952381
15.442536115646362,6,0.7481820461384152,224.26100864840504,0.910279893207283,0.9464285714285714
16.56680393218994,7,0.6669383149448345,216.52641039836226,0.9142592592592592,0.9560185185185185
15.817281484603882,8,0.70160481444333,223.34192978480328,0.9553693991193992,0.9768518518518519
16.274729013442993,9,0.7710945336008024,226.3117752128687,0.9360539460539462,0.95
15.687163829803467,10,0.8085193079237714,234.66233187284234,0.9373079755892256,0.9432870370370371
