Time,Server round,Accuracy aggregated,Accuracy std,Top5,Top1
24.096447706222534,1,0.1939882146439318,144.4846413983161,0.6528878066378067,0.8020833333333334
11.053275346755981,2,0.1380077733199599,122.35267222255509,0.49461399711399706,0.76875
10.811532497406006,3,0.34779338014042127,179.3960802247362,0.7688394535571955,0.9431818181818182
11.009300231933594,4,0.5490847542627884,226.98544094280587,0.9058810200216451,0.951171875
10.832869052886963,5,0.5249185055165496,210.69954057852144,0.9283441558441557,0.9583333333333334
11.541939735412598,6,0.7524761785356068,225.49554408014365,0.9074655098781937,0.9431818181818182
12.191479206085205,7,0.6622053660982948,217.37922715843848,0.9192696192696193,0.9583333333333334
11.56485891342163,8,0.6963703610832498,221.28737966725532,0.9490595053095052,0.9710648148148148
11.852287292480469,9,0.7820962888665998,230.73759641636212,0.9307202953296704,0.95625
11.526382207870483,10,0.8133149448345035,235.151862420862,0.9385645517676767,0.9446022727272727
