Time,Server round,Accuracy aggregated,Accuracy std,Top5,Top1
28.95485,1,0.094364,50.5657865105656,0.7306250000000001,1.0
28.189712,2,0.094716,50.76109135018403,0.72,1.0
27.652429,3,0.094891,50.76590670864273,0.745625,1.0
30.130333,4,0.093662,50.789597457319374,0.701875,1.0
