Time,Server round,Accuracy aggregated,Accuracy std,Top5,Top1
24.86023759841919,1,0.2954175025075226,227.6117967065855,0.974429908326967,1.0
14.150605201721191,2,0.4758650952858576,252.92574088059916,0.9882233044733045,1.0
14.807941675186157,3,0.5746928284854563,255.605653302113,0.9879897186147186,1.0
14.080034494400024,4,0.6594157472417251,276.16861226431945,0.9918948412698413,1.0
13.240283489227295,5,0.6977808425275828,261.3272706779757,0.9929581529581529,1.0
13.827709674835205,6,0.7613778836509528,259.4970281140036,0.992348909260674,1.0
14.26471757888794,7,0.7657973921765295,269.0229551543883,0.9945726046828988,1.0
14.313534021377563,8,0.7933487963891676,254.27200317769945,0.9950190332543274,1.0
14.331754207611084,9,0.8462261785356068,250.5546615012381,0.9936797475400416,1.0
14.16379427909851,10,0.8502382146439318,253.42385365233477,0.9948702237305177,1.0
