Time,Server round,Accuracy aggregated,Accuracy std,Top5,Top1
17.545499801635742,1,0.11494365828092243,109.24022885365994,0.5389662306808688,0.9107142857142857
13.617109298706055,2,0.2282822327044025,153.0301787230218,0.7480747767857142,0.9151785714285714
13.314503908157349,3,0.2716850104821803,157.672526459114,0.8375200320512819,0.9151785714285714
13.753475666046143,4,0.2731590670859539,148.34922177079324,0.7975274725274725,0.9107142857142857
14.358389139175415,5,0.25560141509433965,137.25383929056412,0.7969322344322345,0.9129464285714286
13.550888776779175,6,0.27561582809224316,135.87053249325257,0.7963369963369964,0.9151785714285714
13.966308832168579,7,0.28596698113207547,128.50571971706162,0.8844797390109889,0.96875
14.506181001663208,8,0.28544287211740044,128.32802343993302,0.8775154532967033,0.96484375
14.154037475585938,9,0.32802672955974843,133.05563347712865,0.9203296703296704,1.0
13.489412784576416,10,0.32619234800838576,121.84816124997536,0.9236092032967033,1.0
14.341903924942017,11,0.3637644129979036,126.6147305806082,0.9111092032967033,1.0
13.906984329223633,12,0.34185010482180295,129.02574006763146,0.9210765796703295,1.0
13.605146646499634,13,0.35207023060796644,128.5485060201012,0.9022149725274726,1.0
14.585001468658447,14,0.36664701257861637,128.33814865424856,0.9159083104395604,1.0
13.827147722244263,15,0.3541011530398323,125.04911035269305,0.9167582417582418,1.0
13.368231534957886,16,0.39566954926624737,128.14056188420588,0.9204412774725274,1.0
13.599318742752075,17,0.3984211215932914,127.6573241142082,0.927106227106227,1.0
13.443973064422607,18,0.38931472746331236,126.81581131704358,0.9226018772893774,1.0
14.215136051177979,19,0.39190251572327045,127.1663540406817,0.920887706043956,1.0
14.066728353500366,20,0.40179507337526205,130.2126629786827,0.925360576923077,1.0
14.780884742736816,21,0.41208071278826,132.79231905498148,0.9264365842490843,1.0
13.351984977722168,22,0.40461215932914046,136.07365064552357,0.926027358058608,1.0
14.461874961853027,23,0.4168632075471698,138.8464245128408,0.924948489010989,1.0
14.913474559783936,24,0.4300642033542977,140.0748499909959,0.9291151556776557,1.0
14.33064079284668,25,0.4446737421383648,144.63488514186335,0.9271806318681319,1.0
