Time,Server round,Accuracy aggregated,Accuracy std,Top5,Top1
125.491155,1,0.150207,55.50765712944476,0.27606714396284826,0.340625
127.422927,2,0.240159,61.52389779589716,0.3567045454545455,0.390625
126.755093,3,0.298084,54.27179285780045,0.39451704545454547,0.470313
127.469929,4,0.352296,49.1349926223664,0.4201617132867133,0.503125
127.735116,5,0.385877,47.218110932141286,0.4725317513368984,0.495312
129.959759,6,0.397617,50.584681475719506,0.48040106951871653,0.501563
128.247498,7,0.423429,60.385325204059306,0.5071761204481794,0.5125
126.009313,8,0.435428,68.5066420137493,0.5211265756302521,0.564063
129.322357,9,0.463398,68.12517889884768,0.5306211802902979,0.573438
126.092031,10,0.484375,63.52595926076204,0.545586564171123,0.576562
130.669372,11,0.491022,59.27933872775572,0.5543961675579322,0.596875
127.299427,12,0.493612,62.92527314203729,0.5647276069518716,0.614062
127.389861,13,0.519337,62.83677267333198,0.5792428221288516,0.601562
128.238425,14,0.517179,66.76262052975451,0.5835781926406926,0.620313
128.357522,15,0.532113,71.71303926065329,0.6031381302521008,0.63125
128.846439,16,0.54489,69.78710482603502,0.6115257352941177,0.645312
128.998449,17,0.543422,71.54360558428685,0.6079534313725491,0.653125
129.706388,18,0.556716,71.79448098565794,0.6055166157372041,0.651563
129.757632,19,0.555162,74.29567618643766,0.6046969696969697,0.64375
123.779734,20,0.568888,72.17028474379188,0.6220855614973262,0.648438
