Round,Accuracy (%),nt
0,0,0
0,0,1
0,0,2
1,0.3864833556777974,0
1,0.054665968826031565,1
1,0,2
2,0.6004580859457019,0
2,0.3589181766456582,1
2,0,2
