Time,Server round,Accuracy aggregated,Accuracy std,Top5,Top1
10.198134,1,0.164532,133.2513695989651,0.43602267387218047,0.520833
9.89189,2,0.298668,152.83615409974175,0.6369970715558951,0.870536
