Time,Server round,Accuracy aggregated,Accuracy std,Top5,Top1
10.233706,1,0.16513,133.68735916308617,0.43641329887218044,0.520833
9.733607,2,0.30012,152.83189294123136,0.6369970715558951,0.870536
9.728538,3,0.405908,139.96503134711898,0.6695471014492754,0.864583
12.505248,4,0.450564,130.58992112716814,0.6981487098427888,0.870536
10.171871,5,0.466786,106.48017421097694,0.6638243366568595,0.872024
9.795478,6,0.524761,101.01143499624187,0.7067081766917294,0.879464
9.826669,7,0.498719,126.99388764818565,0.7144622493734335,0.883929
9.89383,8,0.60596,132.6575572668214,0.7334523809523809,0.879464
9.695564,9,0.596909,134.67608362289127,0.7411811755952381,0.873512
10.210515,10,0.630294,128.18108284766515,0.7360603707886317,0.880952
9.80834,11,0.6361,123.24061830419384,0.7419956140350877,0.895833
9.944968,12,0.638917,124.8872591580102,0.7495548654244306,0.928571
9.841264,13,0.647797,132.34246295123876,0.758638784461153,0.925595
9.768907,14,0.655908,129.78362762690833,0.768250313283208,0.915179
9.977691,15,0.665984,133.57619548407567,0.7715010351966873,0.919643
9.72195,16,0.671448,132.05211092595226,0.7935442546583851,0.922619
9.730856,17,0.668289,130.4470294794021,0.7920833333333334,0.931548
9.849153,18,0.688012,135.48833898162601,0.7939028679653679,0.9375
9.791686,19,0.688354,134.57782135255422,0.7876041666666668,0.931548
9.761,20,0.690659,138.23258479823056,0.7902397774327122,0.931548
