Round,Cid,Selected,Total time,Size of parameters,Avg loss train,Avg accuracy train
1,4,1,1.799233,3514152,0.722096,0.788542
1,2,1,0.977515,3514152,0.938238,0.74858
1,7,1,1.109568,3514152,1.076424,0.706495
1,18,1,1.181811,3514152,1.108418,0.542245
1,8,1,1.349894,3514152,0.859115,0.789187
1,3,1,2.150078,3514152,0.739806,0.813947
