Time,Server round,Accuracy aggregated,Accuracy std,Top5,Top1
10.64004111289978,1,0.28300526579739216,207.06106249123712,0.9226270053475936,1.0
5.907643556594849,2,0.43590145436308925,265.550071361316,0.9892744408369408,1.0
6.107148170471191,3,0.6416123370110332,232.19853574043054,0.9909451659451658,1.0
6.223246097564697,4,0.7360832497492478,243.5440362644916,0.9912805399937753,1.0
5.981921911239624,5,0.7752946339017052,250.7845489658404,0.9903006715506717,1.0
5.935054302215576,6,0.8544069709127382,244.0222686559569,0.9964094932844934,1.0
6.405972719192505,7,0.866756519558676,243.58804650474949,0.9964781746031747,1.0
6.306262731552124,8,0.8775075225677031,239.41869935324604,0.9988591269841269,1.0
6.195862531661987,9,0.924147442326981,249.82741562926995,0.9973710317460316,1.0
5.9540441036224365,10,0.9441135907723169,248.85538692180245,0.9981997863247862,1.0
6.226953029632568,11,0.9487525075225677,252.37059178913856,0.9971626984126984,1.0
5.962330102920532,12,0.9482823470411234,254.41838298362012,0.9967448646125117,1.0
6.1567888259887695,13,0.9557735707121364,254.30635147396538,0.997924836601307,1.0
6.023152112960815,14,0.9569959879638916,253.5871258561838,0.9973611111111111,1.0
6.059362888336182,15,0.9610393681043129,255.30407673987503,0.9978869047619048,1.0
5.930656671524048,16,0.9609139919759278,255.78897630664227,0.9981349206349206,1.0
5.843862771987915,17,0.9575915245737212,257.62418287109614,0.9983730158730157,1.0
5.902437210083008,18,0.9571527081243731,260.201292079805,0.9980654761904763,1.0
6.343548536300659,19,0.9580616850551655,261.47056736848987,0.9986217948717948,1.0
6.136024236679077,20,0.9616035606820461,256.90668266901895,0.9979265873015872,1.0
6.1351892948150635,21,0.9604438314944834,255.48975400199515,0.9973015873015871,1.0
5.880553960800171,22,0.9648633400200601,256.26436428032673,0.9975793650793652,1.0
6.380190372467041,23,0.9681544633901705,257.0886664168609,0.9982097069597071,1.0
6.295565128326416,24,0.96875,257.79255303441175,0.9985470085470085,1.0
6.31908917427063,25,0.9687813440320963,256.16552148952445,0.9974656593406592,1.0
