Time,Server round,Accuracy aggregated,Accuracy std,Top5,Top1
21.851885557174683,1,0.23715932914046123,125.89487678217887,0.8607886904761906,1.0
18.80657386779785,2,0.33352987421383645,152.98192834449435,0.8834821428571429,1.0
18.897924423217773,3,0.38522012578616355,152.8807378318145,0.9281822344322344,1.0
18.545345067977905,4,0.45296121593291405,163.92854052909763,0.9188244047619047,1.0
18.98812508583069,5,0.4667518343815514,160.00418619523677,0.9234975961538462,1.0
17.568942546844482,6,0.5022602201257862,149.8082254083533,0.9358258928571429,1.0
19.02428150177002,7,0.5005568658280922,152.43082234246458,0.9354910714285714,1.0
18.404778718948364,8,0.5169352725366876,154.13122850350607,0.9208705357142858,1.0
18.06342911720276,9,0.5298087002096437,151.06505088868172,0.93125,1.0
17.50197744369507,10,0.5521160901467506,148.31995819848385,0.9342261904761905,1.0
18.046910285949707,11,0.5454337002096437,158.24632570773954,0.9144345238095237,1.0
17.833999395370483,12,0.5563744758909853,154.72624211813587,0.9247395833333332,1.0
18.209138870239258,13,0.5628930817610063,151.27160209371752,0.9220833333333334,1.0
18.769816398620605,14,0.5787801362683438,159.79685729074902,0.9354910714285716,1.0
18.238107442855835,15,0.6018736897274634,158.58363597799112,0.9380952380952381,1.0
18.54275941848755,16,0.6050511006289309,162.82322807265555,0.9245535714285715,1.0
18.275405883789062,17,0.6091457023060797,163.17693954722893,0.9373883928571429,1.0
17.791046619415283,18,0.6167452830188679,161.71891169557134,0.9340401785714285,1.0
18.191397428512573,19,0.6093094863731656,157.06820047355225,0.919047619047619,1.0
18.001846075057983,20,0.6256551362683438,165.09924288136514,0.9211160714285714,1.0
18.78870940208435,21,0.6413456498951782,159.33487879306276,0.9264434523809524,1.0
18.656022310256958,22,0.6337133123689728,158.1884749278531,0.9428124999999999,1.0
18.003403186798096,23,0.6388888888888888,165.29256970596106,0.933236607142857,1.0
19.05268120765686,24,0.6515002620545073,166.01726295780207,0.9340401785714285,1.0
18.09616184234619,25,0.6571671907756813,162.99135682605996,0.9378050595238095,1.0
