Time,Server round,Accuracy aggregated,Accuracy std,Top5,Top1
10.136445,1,0.101884,75.73605482199346,0.26307163231505337,0.391447
13.327852,2,0.125428,92.23062127081222,0.3327073620823621,0.497596
15.226606,3,0.136815,69.22058942251215,0.2501148303450935,0.546053
13.343751,4,0.197945,84.69321106204438,0.36332699646844385,0.565476
13.085967,5,0.272089,72.29930843376027,0.38687290414264097,0.547697
10.073737,6,0.272175,110.0788240307826,0.5120584856749717,0.695724
9.742777,7,0.214127,125.18485331700475,0.4938613104731525,0.821181
9.949858,8,0.317295,91.5128952661864,0.47403045967190705,0.690789
10.011564,9,0.283305,104.48659004867562,0.5279970760233919,0.700658
10.776054,10,0.339384,80.54973618827066,0.49180170212484453,0.53125
9.930892,11,0.265497,89.95358525372961,0.42637346206425153,0.549107
9.762595,12,0.387072,101.17829559742543,0.5604775359874045,0.603365
9.874058,13,0.420719,70.91621817327824,0.5105964485076327,0.575521
13.14733,14,0.398716,109.91554712596394,0.5496731612685559,0.661058
13.624778,15,0.362586,89.4398540920098,0.5224234759693351,0.577303
10.616265,16,0.428168,98.89210029117594,0.5848599865047233,0.637019
13.41713,17,0.416182,114.33524172362605,0.5803896158665895,0.755952
13.296895,18,0.440582,89.24410344667035,0.5690515350877193,0.606771
13.328922,19,0.422517,119.6055496204085,0.6238943713450292,0.664062
13.310635,20,0.40976,90.84828011580626,0.5890194235588972,0.6875
