Time,Server round,Accuracy aggregated,Accuracy std,Top5,Top1
10.952248,1,0.10502,116.03857117355419,0.31281426221804515,0.520833
9.837012,2,0.127818,93.34145649174326,0.30757945052024,0.563988
