Round,Accuracy (%),nt
0,0,0
0,0,1
0,0,2
1,0.19859343134183494,0
1,0.05116231851006993,1
1,0,2
2,0.16668104293152666,0
2,0.09208501108776844,1
2,0,2
