Time,Server round,Accuracy aggregated,Accuracy std,Top5,Top1
0.534495,1,0.099678,183.38923087248062,0.14530147841289145,0.355299
0.362502,2,0.189956,340.41828681785,0.26735073019119404,0.519271
0.439694,3,0.135586,275.77362092847096,0.2768692071115605,0.554688
