Time,Server round,Accuracy aggregated,Accuracy std,Top5,Top1
9.868995,1,0.138917,49.27197479297943,0.2421894894321365,0.289773
13.331973,2,0.219518,63.707515255266394,0.31876832706766917,0.3775
12.983291,3,0.254867,47.533014842317755,0.34338235294117647,0.373437
13.319828,4,0.305755,74.32191803230053,0.42841999299719885,0.55506
13.171688,5,0.315574,43.68249077147502,0.43053536247034696,0.459375
13.204358,6,0.34264,75.45546699875365,0.446,0.505
13.217018,7,0.398224,68.06217745561774,0.4635238095238095,0.545
12.540858,8,0.405482,62.463969614490566,0.4875044563279857,0.549716
13.619222,9,0.400188,83.12898110767388,0.49943181818181814,0.525568
14.854208,10,0.43084,69.80050143086365,0.5087720588235294,0.54375
13.898498,11,0.454662,69.1446852621371,0.5178819169960474,0.560937
9.658076,12,0.456284,69.96613466527931,0.5212608695652173,0.5625
10.655598,13,0.431609,86.95048878528516,0.5502150974025974,0.671875
9.63306,14,0.449368,68.69808949308562,0.538787401324166,0.585227
14.647373,15,0.422387,88.68611785392343,0.5319789438502674,0.63375
13.850784,16,0.457138,77.11556263167637,0.5669078057359307,0.600852
13.061332,17,0.512722,62.47469487720608,0.572506764069264,0.619048
9.70142,18,0.468921,85.91472516396709,0.5689420995670995,0.666193
9.601742,19,0.486083,85.16646934093252,0.589297619047619,0.62
10.05801,20,0.515967,75.25707607926313,0.5817140151515152,0.612216
