Time,Server round,Accuracy aggregated,Accuracy std,Top5,Top1
0.402171,1,0.244505,219.19498169438097,0.805960648148148,0.826705
0.248469,2,0.337397,234.6261920587725,0.8359054768701508,0.892045
