Round,Accuracy (%),nt
0,0,0
0,0,1
0,0,2
1,0.7305281042260209,0
1,0.04057270100069014,1
1,0,2
2,0.6728027030336813,0
2,0.8074626473063973,1
2,0,2
