Time,Server round,Accuracy aggregated,Accuracy std,Top5,Top1
3.629488945007324,1,0.07349537037037036,3.8960093543122927,0.175,0.1875
0.253371000289917,2,0.08275462962962964,5.03112534352129,0.215625,0.234375
0.24750065803527832,3,0.08969907407407407,5.298322585707878,0.225,0.296875
0.24001312255859375,4,0.11053240740740741,5.694929518635171,0.25,0.34375
0.23064970970153809,5,0.12384259259259259,5.80650975677778,0.25,0.359375
0.22190451622009277,6,0.14756944444444445,4.638606112472438,0.234375,0.3125
0.21429681777954102,7,0.16666666666666666,4.983974317750844,0.26875,0.34375
0.21930694580078125,8,0.16319444444444445,4.882622246293481,0.2625,0.34375
0.22470664978027344,9,0.1730324074074074,4.778307464178317,0.290625,0.34375
3.187526226043701,10,0.17418981481481483,4.48317843598589,0.278125,0.34375
0.23788714408874512,11,0.1730324074074074,4.7151057487846675,0.275,0.359375
3.216257095336914,12,0.17997685185185186,4.847565253700964,0.2875,0.34375
0.23993492126464844,13,0.17418981481481483,5.075978285567774,0.28125,0.359375
0.2430860996246338,14,0.18055555555555555,4.608687448721165,0.284375,0.375
0.22105646133422852,15,0.18460648148148148,5.036422892843248,0.3,0.359375
0.2523467540740967,16,0.18518518518518517,4.6785562825394,0.3,0.34375
0.25113534927368164,17,0.18344907407407407,4.536396024256359,0.278125,0.34375
0.23401713371276855,18,0.17824074074074073,4.2812251621339525,0.278125,0.34375
0.2379908561706543,19,0.1857638888888889,4.648655719667784,0.296875,0.375
0.2204883098602295,20,0.18287037037037038,4.356859215331868,0.28125,0.34375
3.3255069255828857,21,0.19212962962962962,5.202136313306507,0.328125,0.40625
0.24627923965454102,22,0.18981481481481483,5.3847521350156455,0.325,0.40625
0.24982547760009766,23,0.19618055555555555,5.267194066420312,0.315625,0.359375
0.21752357482910156,24,0.19849537037037038,5.174832257077411,0.321875,0.375
0.2303924560546875,25,0.1996527777777778,5.637670913891067,0.328125,0.453125
