Time,Server round,Accuracy aggregated,Accuracy std,Top5,Top1
10.262791,1,0.166185,110.64505185501972,0.3880928528708134,0.502841
10.017266,2,0.279467,108.87032423943634,0.4429268562821195,0.502841
