Round,Accuracy (%),nt
0,0,0
0,0,1
0,0,2
1,0.35813510852573355,0
1,0.06048092235797827,1
1,0,2
2,0.3922681414183607,0
2,0.37744633838383834,1
2,0,2
