Server round,Layer,Similarity
1,0,0.9994880055910264
1,1,0.9276076548505713
1,2,0.9996719635163597
1,3,0.8874697971751478
1,4,0.9986576113292943
1,5,0.8783209935184964
1,6,0.9246715708478627
1,7,0.23872381712425983
2,0,0.9988510350151261
2,1,0.9400050648665195
2,2,0.9996235950633962
2,3,0.917589415422726
2,4,0.9979504351549152
2,5,0.9076717290942936
2,6,0.9219791316288566
2,7,0.27916071083130145
