Time,Server round,Accuracy aggregated,Accuracy std,Top5,Top1
123.282709,1,0.245879,219.46721850882423,0.8100273569023569,0.825231
124.136037,2,0.335938,229.79301011997734,0.8071864478114479,0.825231
126.920293,3,0.472785,230.72175341740103,0.8494882017640171,0.951823
124.226909,4,0.522579,232.71834371187845,0.8591215598009075,0.953125
125.129092,5,0.626803,206.3917331193282,0.85624485342556,0.951823
125.404095,6,0.649382,201.4176258424272,0.8573483229733231,0.951823
125.88216,7,0.664062,181.82103151175883,0.8630984322390572,0.951823
125.919253,8,0.726047,178.70094431759446,0.8890005827505828,0.951823
126.246203,9,0.723815,184.38722162883198,0.884453544643762,0.953125
124.120415,10,0.749485,181.1475917587645,0.8936959609683794,0.951823
127.936287,11,0.752661,179.32492158091134,0.9006592365967366,0.953125
124.704783,12,0.73944,179.85001390047208,0.8899839743589743,0.951823
125.629526,13,0.763221,178.0905668473207,0.8969578598484848,0.951823
125.287671,14,0.759787,179.86286442731864,0.8983409819347319,0.954427
125.951124,15,0.772837,177.23625475618692,0.9018393065268064,0.954427
125.844336,16,0.781078,171.68573033307106,0.9096581803613054,0.951823
126.688059,17,0.777644,175.8862984999116,0.9103058673782358,0.951823
127.489147,18,0.782452,174.91972444524376,0.9133758677916287,0.954427
121.192327,19,0.785113,173.02684040344724,0.9114546119641229,0.953125
127.503519,20,0.788462,175.3481109108393,0.912609067789095,0.951823
