Time,Server round,Accuracy aggregated,Accuracy std,Top5,Top1
124.818634,1,0.245707,219.46273032111853,0.8100273569023569,0.825231
298.692653,2,0.342977,235.62043099018388,0.820388440565071,0.834239
299.459391,3,0.441964,238.86929480366453,0.8503719081844082,0.953125
295.960586,4,0.505666,224.90764771345593,0.8541087962962963,0.953125
302.066113,5,0.628949,207.35937403454898,0.8525207921607377,0.951823
307.272952,6,0.65625,204.46774806800218,0.867995195474815,0.951823
298.107182,7,0.680975,187.0623960073216,0.8547751149313649,0.951823
300.385389,8,0.72433,179.5119146463543,0.8806715250329379,0.953125
308.408069,9,0.737208,182.52075909331518,0.8915647644927536,0.953125
304.920807,10,0.757641,182.06643704977589,0.8904268568840579,0.953125
295.8361,11,0.747081,176.09341271041345,0.8983717488651699,0.953125
297.481778,12,0.749742,179.14024533867314,0.8870766807086886,0.954427
308.82705,13,0.773352,174.27202873668512,0.8996949664918414,0.951823
295.833323,14,0.758585,176.58131271456784,0.9021434294871795,0.951823
304.083122,15,0.78374,175.29702650073676,0.9071696532634033,0.954427
304.97242,16,0.785972,175.67181760316595,0.9071683114035087,0.953125
308.117282,17,0.786401,176.29861031783545,0.9114088470406404,0.954545
305.022785,18,0.790522,177.35089512037993,0.9065952538832258,0.953125
305.50044,19,0.7858,170.86991396966292,0.911070877539699,0.953125
308.427087,20,0.797218,175.34910892274306,0.9076181220095695,0.951823
