Time,Server round,Accuracy aggregated,Accuracy std,Top5,Top1
123.634757,1,0.245707,219.46273032111853,0.8100273569023569,0.825231
125.5879,2,0.335594,229.63633749909877,0.8051031144781146,0.825231
125.266542,3,0.469008,233.3808636113938,0.8528242113160591,0.953125
124.919821,4,0.516054,231.93198895365856,0.8536537247474747,0.951823
125.901533,5,0.614784,209.52481356631725,0.8494266716073782,0.951823
126.213197,6,0.646892,205.1209094656125,0.8664271925990675,0.951823
125.423776,7,0.663032,188.3412527833454,0.8568484322390573,0.951823
126.484761,8,0.73841,182.9982172044307,0.8892227564102564,0.953125
127.164509,9,0.720124,190.32745466695025,0.8936354689241917,0.953125
124.287712,10,0.746652,179.8274937266268,0.8928163322185061,0.953125
128.37323,11,0.747854,177.2778821511584,0.8828886984725802,0.951823
125.393486,12,0.753863,178.60052491524206,0.8985944705204216,0.951823
126.170383,13,0.765539,176.5427072976961,0.9019176136363637,0.954427
126.058232,14,0.769402,173.92524256127976,0.9016626602564102,0.951823
126.55885,15,0.765539,171.91343024906462,0.8982772435897436,0.954427
127.46984,16,0.782967,171.5636907973246,0.8965790719696969,0.953125
127.102692,17,0.784598,172.73866822457558,0.9109493371212123,0.951823
126.881481,18,0.788032,172.63240570646056,0.9170791448135198,0.954427
121.192026,19,0.781851,169.61906585051105,0.916603838869464,0.951823
127.445497,20,0.796102,174.73587925781013,0.9170943865916692,0.951823
