Time,Server round,Accuracy aggregated,Accuracy std,Top5,Top1
10.228885650634766,1,0.35343530591775324,241.72738694653532,0.9802770327498589,1.0
6.88783073425293,2,0.6130892678034102,259.46367761210814,0.9892207792207792,1.0
6.981182098388672,3,0.6810117853560682,243.5443458592295,0.9857196969696969,1.0
6.870092391967773,4,0.8081745235707122,250.45522074814093,0.9916947839741959,1.0
6.652393341064453,5,0.8375438816449348,250.87981903692454,0.9941450216450217,1.0
6.930394649505615,6,0.8781030591775326,241.36870136784512,0.9948699176640353,1.0
7.274755239486694,7,0.8960631895687061,241.20046102775177,0.9988591269841269,1.0
6.969367980957031,8,0.9070962888665998,247.1495903294197,0.9984126984126984,1.0
6.92790675163269,9,0.9384089769307924,249.83628959780845,0.9975747863247865,1.0
7.189503192901611,10,0.9428284854563691,247.5024040287286,0.9983783577533577,1.0
7.145385503768921,11,0.9486898194583752,250.59972944917556,0.9980450513538749,1.0
7.108546495437622,12,0.9542063691073219,252.08244762378837,0.997196635064282,1.0
6.774652004241943,13,0.9499122367101304,256.90820461791407,0.997718253968254,1.0
6.641007900238037,14,0.9485330992978936,252.25745261537864,0.9987599206349206,1.0
6.803031921386719,15,0.9520749749247743,255.90461113469604,0.9980841503267974,1.0
6.673269987106323,16,0.9568392678034102,247.80566660187577,0.9983333333333334,1.0
6.850466966629028,17,0.9547078736208626,254.59070603617877,0.9981249999999999,1.0
6.731570482254028,18,0.9601303911735206,256.60107248411884,0.9988194444444444,1.0
6.990095376968384,19,0.9579676529588766,259.6267174233037,0.9982993109831344,1.0
6.925812005996704,20,0.9645498996990973,255.85286474847217,0.9991720085470085,1.0
6.817821979522705,21,0.9644558676028084,254.5679477074834,0.9989174836601308,1.0
6.694667816162109,22,0.9703485456369108,252.52234435788054,0.9971990740740739,1.0
6.956424713134766,23,0.9706306419257773,252.70976316715584,0.9983182503770738,1.0
6.859236001968384,24,0.9726993480441324,253.2574666224078,0.9992361111111112,1.0
7.077857255935669,25,0.9685619358074222,257.64071805520183,0.998951048951049,1.0
