Time,Server round,Accuracy aggregated,Accuracy std,Top5,Top1
10.288474,1,0.164959,133.39205373634516,0.43602267387218047,0.520833
9.894617,2,0.302937,153.0275792136829,0.6366294244970716,0.870536
9.842883,3,0.398053,139.63663559395863,0.6566103190287973,0.842262
9.863624,4,0.414105,125.04339246837475,0.6492506835269994,0.797619
10.063141,5,0.469006,111.84018732101623,0.6853401258828891,0.883929
9.964822,6,0.488559,105.30759706687832,0.7055343614718614,0.85119
10.305932,7,0.467811,121.01837670370563,0.6838441558441559,0.778274
9.962531,8,0.541496,129.3313187128315,0.6830776515151515,0.763021
9.680734,9,0.532531,125.69696694829194,0.6922611401279879,0.752604
9.739315,10,0.550546,111.0127920556906,0.6952807971014493,0.755208
9.950846,11,0.584614,115.80512726127458,0.6908280812324931,0.734375
10.144894,12,0.594348,131.90886058184265,0.7519914596273292,0.907738
10.068892,13,0.61262,131.96547844038608,0.7366337719298246,0.858631
9.725245,14,0.60596,133.3616417865347,0.7687739389233955,0.925595
9.904223,15,0.622695,140.4169772499038,0.765323013716356,0.924107
9.916001,16,0.630208,136.31488363344627,0.779472049689441,0.931548
9.917704,17,0.629867,126.15517230775757,0.7634633458646617,0.858631
9.846424,18,0.659153,145.15440055334182,0.7889447463768116,0.907738
9.909055,19,0.665984,138.05976966517073,0.7831625258799172,0.93006
10.000896,20,0.673412,137.29867989168724,0.7913282867494824,0.927083
