Time,Server round,Accuracy aggregated,Accuracy std,Top5,Top1
0.396788,1,0.155061,107.07198513149926,0.3756282396331739,0.460227
0.263189,2,0.224609,123.73555471245926,0.43369761208576996,0.5
