Time,Server round,Accuracy aggregated,Accuracy std,Top5,Top1
22.999701023101807,1,0.22542627883650954,207.32142773963332,0.8357247103386808,1.0
10.721808433532715,2,0.3108074222668004,185.76721346890037,0.8898247177658943,1.0
11.024033546447754,3,0.32647943831494486,191.23205170682033,0.8593154761904762,1.0
10.830700874328613,4,0.3443141925777332,177.08802895735218,0.8930465367965368,1.0
10.728406429290771,5,0.45144809428284854,202.19103936623898,0.9628382034632035,1.0
10.936238765716553,6,0.47708751253761283,196.58281613610077,0.9533056404379934,1.0
12.263857364654541,7,0.540465145436309,214.27337772107853,0.9682883089133089,1.0
11.842925786972046,8,0.5873558174523571,225.97232485417325,0.9749007936507936,1.0
11.524661779403687,9,0.6283224674022067,198.98732019905188,0.9753679653679654,1.0
10.8627290725708,10,0.6933299899699097,211.74087937854608,0.9747718253968255,1.0
