Time,Server round,Accuracy aggregated,Accuracy std,Top5,Top1
30.4955415725708,1,0.22997116349047142,204.93743533088335,0.8346357880273322,1.0
14.867026090621948,2,0.2967339518555667,176.4586761822722,0.9026099389030975,1.0
15.14992880821228,3,0.32763916750250754,183.4939137955262,0.9413392857142858,1.0
15.088828325271606,4,0.38785105315947843,186.19444030367825,0.9174801587301588,1.0
14.477564096450806,5,0.41380391173520564,202.019995049995,0.9262301587301586,1.0
15.560010194778442,6,0.45003761283851557,203.3636506359974,0.9654761904761905,1.0
17.090169191360474,7,0.4994358074222668,207.755379232404,0.9603805916305916,1.0
15.915316104888916,8,0.5672016048144434,210.40996554345995,0.9742559523809525,1.0
16.182401180267334,9,0.628259779338014,211.67575581535075,0.9726785714285715,1.0
16.033544063568115,10,0.6870298395185557,216.1113500027243,0.9854265873015873,1.0
