Time,Server round,Accuracy aggregated,Accuracy std,Top5,Top1
11.290363550186157,1,0.1604501003009027,141.2628599455639,0.6480216918498168,0.8214285714285714
6.925293922424316,2,0.3592966399197593,212.26048242666369,0.9291974229474229,0.9616477272727273
6.8465070724487305,3,0.35998620862587766,172.25576913415702,0.7541105672474269,0.9488636363636364
6.744116306304932,4,0.6574724172517553,223.1424872138876,0.9125771103896103,0.9296875
6.433730840682983,5,0.6180416248746239,216.23337022763164,0.9050901610644259,0.9246323529411765
6.584230661392212,6,0.7719408224674023,233.88143662975904,0.9419222865914042,0.9659090909090909
6.976990699768066,7,0.7422580240722166,225.50599903328518,0.9466077441077442,0.9699074074074074
6.7754082679748535,8,0.7192201604814443,225.33120866848424,0.9637829184704184,0.9826388888888888
6.839756965637207,9,0.8014669007021064,233.8017964002843,0.9425000000000001,0.9625
6.913300275802612,10,0.8099297893681043,235.45368971413464,0.9326689976689977,0.9416666666666667
6.9852681159973145,11,0.7955115346038114,242.26464867990956,0.9676872895622897,0.9815340909090909
6.792571067810059,12,0.8267615346038114,227.34284330059742,0.9447006118881118,0.96875
6.786094665527344,13,0.8258839017051154,245.3574934661666,0.9518749999999999,0.975
6.3640522956848145,14,0.8036609829488466,239.53179329683982,0.9518996888528137,0.974609375
6.580770969390869,15,0.8763164493480441,239.34379958544986,0.9654987373737374,0.9715909090909091
6.315881013870239,16,0.8752820962888666,232.61756167581157,0.956113704004329,0.966796875
6.514906883239746,17,0.8187374623871615,239.35021119689867,0.9593890224358976,0.970703125
6.533801794052124,18,0.8833688565697091,241.22790966221135,0.9714506220376714,0.9895833333333334
6.834039688110352,19,0.8286735205616851,248.46356352592227,0.9723363846801348,0.9801136363636364
6.535912752151489,20,0.8344094784353059,248.08547639876062,0.9711758207070706,0.98046875
6.655134677886963,21,0.8429663991975928,243.76059074427926,0.9670687645687644,0.9875
6.603630542755127,22,0.8936496990972919,238.76819637464283,0.9591159281894577,0.9776785714285714
6.860601425170898,23,0.9033036609829489,243.51081208028526,0.979386936592819,0.9866071428571429
6.742160797119141,24,0.8681043129388164,246.68740057003316,0.9812586251509401,0.9895833333333334
7.060835599899292,25,0.8638415245737212,251.0743316231271,0.9814552209772798,0.984375
