Time,Server round,Accuracy aggregated,Accuracy std,Top5,Top1
10.372807,1,0.164959,133.39205373634516,0.43602267387218047,0.520833
9.889048,2,0.30123,153.38265873298715,0.636261777438248,0.870536
10.015621,3,0.40625,138.32205174880832,0.6640418894830659,0.885417
11.898205,4,0.432377,133.1925673601947,0.6687353326498063,0.880952
10.324968,5,0.48002,94.65828014495088,0.6592545995670995,0.747396
9.833089,6,0.528859,97.60589121564333,0.68754329004329,0.791667
10.019574,7,0.521516,119.90638014717982,0.7126596320346321,0.852679
9.777992,8,0.582223,132.53206215855846,0.7349986471861472,0.886905
10.289784,9,0.568904,142.6766536613471,0.7314211309523809,0.875
10.661875,10,0.604764,127.54186567554983,0.7267857142857144,0.880952
9.883604,11,0.625854,130.75339383740678,0.7567908902691511,0.888393
11.023671,12,0.624658,133.78064134993522,0.7688095238095238,0.919643
9.956979,13,0.63388,135.60516214362934,0.7574497767857142,0.90625
9.898389,14,0.641223,135.77794371693807,0.7710398065476189,0.93006
10.731644,15,0.663422,138.95988629816878,0.7880681818181818,0.9375
9.947483,16,0.655823,142.30617519981345,0.7856891209000764,0.927083
10.244455,17,0.664959,137.10740315533656,0.790260093167702,0.928571
9.927745,18,0.669997,142.1570522344917,0.7855829451345755,0.924107
11.045514,19,0.679389,135.7218755396491,0.7964790372670808,0.933036
9.787297,20,0.680157,137.57619706911512,0.7887590579710144,0.922619
