Time,Server round,Accuracy aggregated,Accuracy std,Top5,Top1
10.76319169998169,1,0.2944458375125376,216.28191232740662,0.96187324929972,1.0
6.578640937805176,2,0.38029714142427284,216.31519687714965,0.9449742377188031,1.0
6.84527325630188,3,0.44602557673019055,192.14265533712185,0.9465557359307359,1.0
6.622913360595703,4,0.5254826980942828,191.00295809227666,0.9798710317460317,1.0
6.30634331703186,5,0.5754137412236711,209.23158079028127,0.9777083333333334,1.0
6.4909446239471436,6,0.6142176529588766,220.56163220288337,0.9846685789700494,1.0
7.1318604946136475,7,0.6853999498495487,240.19405571329196,0.9854920814479637,1.0
6.783289670944214,8,0.7148946840521565,244.04428778400037,0.9875641923436043,1.0
6.969802141189575,9,0.7725050150451354,238.86145272940126,0.9891692661913251,1.0
6.816622018814087,10,0.7931607321965898,239.1398962950348,0.9888694638694637,1.0
6.903799533843994,11,0.813910481444333,244.0297203211117,0.991354723707665,1.0
6.753156661987305,12,0.8235017552657974,245.4301701095446,0.9924067599067599,1.0
6.726502418518066,13,0.8380767301905717,245.08019585433667,0.992935606060606,1.0
6.7841997146606445,14,0.849172517552658,245.36164003364502,0.994538084464555,1.0
6.496396064758301,15,0.8831807923771314,248.79262127322025,0.9955797511312217,1.0
6.654243230819702,16,0.887255516549649,248.70778114084007,0.994203431372549,1.0
6.716205596923828,17,0.8962825977933802,247.86829163892668,0.9957880844645551,1.0
6.582887887954712,18,0.9000125376128385,250.04655886454427,0.9957880844645551,1.0
6.81734299659729,19,0.9106068204613842,248.90608349335298,0.9971813725490197,1.0
6.762730360031128,20,0.9169696589769308,250.20513583857547,0.9975285947712418,1.0
6.826761722564697,21,0.9198846539618857,248.99614133556366,0.9973202614379085,1.0
6.4912474155426025,22,0.9272505015045135,246.93356272487546,0.9977369281045751,1.0
6.998918533325195,23,0.9294445837512537,247.56836712310403,0.998312908496732,1.0
6.767104625701904,24,0.9322028585757272,249.74464478743081,0.998312908496732,1.0
7.074895143508911,25,0.9352118856569709,250.46626998460292,0.9990277777777777,1.0
