Time,Server round,Accuracy aggregated,Accuracy std,Top5,Top1
18.926496982574463,1,0.3403021564694082,248.30610222062606,0.9766308568882097,1.0
10.158525705337524,2,0.542095035105316,284.26580870727315,0.9839952664201386,0.9965277777777778
12.78779649734497,3,0.5981695085255767,288.69551018330714,0.9822294372294372,0.9947916666666666
11.029142379760742,4,0.6305478936810431,320.44029771550277,0.983801247771836,0.9947916666666666
12.087361335754395,5,0.756300150451354,299.5439259941687,0.9950351731601732,1.0
11.361382961273193,6,0.8031281344032096,266.2208263829109,0.9957638888888889,1.0
10.943552494049072,7,0.8266988465396189,274.2239413326269,0.995090811965812,1.0
13.108977556228638,8,0.8648131895687061,264.44740044099507,0.9964094932844934,1.0
11.496309995651245,9,0.73893555667001,330.2755970398055,0.9962355006105007,1.0
13.133727312088013,10,0.7716900702106319,327.2278105540542,0.9973023504273504,1.0
