Time,Server round,Accuracy aggregated,Accuracy std,Top5,Top1
23.05350613594055,1,0.3529651454363089,240.46382596972873,0.9766308568882097,1.0
13.253303289413452,2,0.6085443831494484,262.3033549156396,0.9896058802308803,1.0
14.080063581466675,3,0.6964957372116349,247.3662943895146,0.98946158008658,1.0
13.861938953399658,4,0.8046326479438315,253.39037787571965,0.9925958994708995,1.0
13.08838963508606,5,0.8503009027081244,253.68493530361633,0.9921249257278669,1.0
12.87923526763916,6,0.8681983450351053,252.30778743431605,0.9964781746031747,1.0
14.047539472579956,7,0.8856569709127382,248.12268255844728,0.9967567155067154,1.0
13.694496870040894,8,0.9014857071213641,249.5165156858359,0.9969235625485625,1.0
13.606906175613403,9,0.927187813440321,252.91752726926617,0.9984722222222222,1.0
13.315684080123901,10,0.9301028084252758,247.15584071593375,0.9986805555555556,1.0
