Round,Accuracy (%),nt
0,0,0
0,0,1
0,0,2
1,0.32418401428818094,0
1,0.04139492753623188,1
1,0,2
2,0.286390240194588,0
2,0.19819944234006734,1
2,0,2
