Time,Server round,Accuracy aggregated,Accuracy std,Top5,Top1
9.9418,1,0.09976,118.66629681590304,0.49797585667150884,0.798295
13.224442,2,0.101992,119.79499154806098,0.5025224549001723,0.798295
