Time,Server round,Accuracy aggregated,Accuracy std,Top5,Top1
384.128816,1,0.099509,183.38552287462608,0.14497694334650854,0.35462
358.700947,2,0.133384,236.2859496457629,0.18959305198088058,0.404212
