Time,Server round,Accuracy aggregated,Accuracy std,Top5,Top1
22.15964436531067,1,0.17177672955974843,116.51877788579831,0.5760416666666666,0.71875
18.551382780075073,2,0.18281577568134172,117.29073109159138,0.5696527777777778,0.7395833333333334
18.308367490768433,3,0.15215539832285116,96.94972924149917,0.5701373106060605,0.70703125
18.201101779937744,4,0.15120545073375263,123.25671421873942,0.6272896634615385,0.80078125
18.33909583091736,5,0.1274567610062893,111.40156013270192,0.40405244883040936,0.44140625
17.717614889144897,6,0.24181079664570232,116.59412678175516,0.5287879855889723,0.5979166666666667
18.736926555633545,7,0.2201912997903564,106.13635757835296,0.4369615800865801,0.46577380952380953
18.54779815673828,8,0.2255634171907757,100.07418048627727,0.5976704545454545,0.8125
17.545486450195312,9,0.28858752620545075,110.9140207548171,0.5964867424242424,0.6796875
17.061334371566772,10,0.264773322851153,122.42411690512617,0.6368229166666667,0.71484375
18.460065126419067,11,0.2752227463312369,134.75087532183232,0.7694007554945055,0.87890625
17.78053855895996,12,0.32399764150943394,127.49002941406829,0.5678162202380952,0.63125
17.601013898849487,13,0.3376572327044025,132.86780798974596,0.6353645833333333,0.75390625
18.56151008605957,14,0.3142361111111111,130.35413457194213,0.6934254807692308,0.796875
18.114811897277832,15,0.38325471698113206,128.3007404499288,0.6271682422969187,0.6532738095238095
18.40799641609192,16,0.3582940251572327,135.00793458163855,0.6797172619047618,0.7578125
18.408977270126343,17,0.38227201257861637,142.86511120634037,0.614579613095238,0.65625
17.362064599990845,18,0.39331105870020966,134.91819892067934,0.5887806372549019,0.6458333333333334
18.12783670425415,19,0.33179376310272535,141.4536093565661,0.6364514652014652,0.6875
17.89542865753174,20,0.40002620545073375,146.58998055801766,0.5495008116883116,0.5729166666666666
18.43720841407776,21,0.40497248427672955,143.70926344533257,0.6181939537178508,0.6547619047619048
18.620757341384888,22,0.3458791928721174,144.39123103568306,0.7137139423076924,0.8020833333333334
18.03669762611389,23,0.35256158280922434,153.9656857874507,0.6582388291855203,0.703125
18.93606162071228,24,0.3836150419287212,146.53262981329448,0.6536887254901961,0.7135416666666666
18.03381609916687,25,0.38931472746331236,143.93154622944894,0.6512707604895105,0.7271634615384616
