Time,Server round,Accuracy aggregated,Accuracy std,Top5,Top1
11.268585681915283,1,0.13703610832497493,136.18651328233645,0.6438900335775337,0.8035714285714286
4.919973850250244,2,0.0940634403209629,102.48794855981849,0.5447727272727272,0.9488636363636364
4.759209632873535,3,0.1568768806419258,126.80335169071833,0.7199882756132757,0.9460227272727273
4.798913478851318,4,0.2671765295887663,151.8051698724388,0.7263752480158729,0.7991071428571429
4.236924648284912,5,0.38026579739217653,194.6894717235629,0.9229951298701298,0.95
4.669169902801514,6,0.44944207622868604,181.63472024918582,0.8763697916666666,0.9285714285714286
5.055829048156738,7,0.3543129388164494,202.52968572532768,0.876509402056277,0.962890625
5.032236099243164,8,0.6658412738214644,224.6860040144913,0.9408100613982967,0.96875
4.680037975311279,9,0.47520687061183553,208.81161749289717,0.8809108946608946,0.9772727272727273
4.740267515182495,10,0.6843342527582749,212.43866032339784,0.9291161616161616,0.9444444444444444
5.022351026535034,11,0.6602306920762286,192.54412896788102,0.9352148892773894,0.95
4.834712028503418,12,0.7523508024072216,211.284680940195,0.9367344114219115,0.9625
5.129155397415161,13,0.6648696088264794,229.8393839184225,0.9026398277725068,0.919921875
4.733126878738403,14,0.7343279839518556,223.19374184774983,0.9166145833333333,0.9375
5.011690378189087,15,0.7515045135406219,233.88725831049456,0.9524275846702318,0.98125
4.71072793006897,16,0.6648696088264794,203.74891999713765,0.9405348124098124,0.9886363636363636
4.850112199783325,17,0.7699661484453361,228.30332892886167,0.9483474980901452,0.9744318181818182
4.653993368148804,18,0.814129889669007,229.36235436531427,0.9620535714285715,0.978125
5.2478344440460205,19,0.8098984453360081,241.86941021964725,0.9761876698570247,0.9895833333333334
5.08463454246521,20,0.8265421263791374,235.18256738117302,0.9822459529717594,0.9866071428571429
4.8219921588897705,21,0.7488402708124373,231.4502702525966,0.9631862543686547,0.9831730769230769
4.378906726837158,22,0.8256644934804414,223.54519543036483,0.9481787743506495,0.9583333333333334
4.524292707443237,23,0.855253259779338,237.24848071167915,0.9764005602240896,0.984375
4.7956249713897705,24,0.8434679037111334,253.07461350360688,0.9815996537503888,0.984375
4.464751720428467,25,0.883901705115346,245.07305033397697,0.9725446428571429,0.9866071428571429
