Round,Accuracy (%),nt
0,0,0
0,0,1
0,0,2
1,0.33201415193602696,0
1,0.0564579090956558,1
1,0,2
2,0.3529945378492527,0
2,0.3665285669191919,1
2,0,2
