Time,Server round,Accuracy aggregated,Accuracy std,Top5,Top1
0.398294,1,0.154806,106.91878927485102,0.3746413975279107,0.460227
0.24574,2,0.224524,123.64691666192086,0.4334135211766791,0.49858
