Time,Server round,Accuracy aggregated,Accuracy std,Top5,Top1
0.451465,1,0.146501,62.63883247102658,0.41977678571428567,0.549107
0.308275,2,0.17836,66.74036759463246,0.504044184981685,0.552885
0.339969,3,0.2332,94.9814543301305,0.5826419413919414,0.671875
