Time,Server round,Accuracy aggregated,Accuracy std,Top5,Top1
3.4993042945861816,1,0.14293981481481483,0.3,0.34375
0.2268810272216797,2,0.1996527777777778,0.4,0.484375
0.2099320888519287,3,0.2465277777777778,0.471875,0.59375
0.2017202377319336,4,0.27372685185185186,0.515625,0.6875
0.2110757827758789,5,0.30324074074074076,0.55,0.65625
0.23586297035217285,6,0.32523148148148145,0.54375,0.59375
0.2131023406982422,7,0.3454861111111111,0.578125,0.609375
0.21632003784179688,8,0.3616898148148148,0.621875,0.6875
0.1937108039855957,9,0.3680555555555556,0.6,0.640625
0.20643281936645508,10,0.3975694444444444,0.64375,0.78125
0.23495030403137207,11,0.40046296296296297,0.609375,0.671875
0.2316269874572754,12,0.43113425925925924,0.659375,0.75
0.21419477462768555,13,0.4351851851851852,0.65,0.71875
0.21346640586853027,14,0.45023148148148145,0.675,0.71875
0.2265486717224121,15,0.4739583333333333,0.671875,0.6875
0.22953534126281738,16,0.49710648148148145,0.684375,0.75
0.21996235847473145,17,0.5057870370370371,0.678125,0.765625
0.22138428688049316,18,0.53125,0.7,0.765625
0.22582173347473145,19,0.5341435185185185,0.75,0.875
0.2174367904663086,20,0.5503472222222222,0.759375,0.828125
0.21599435806274414,21,0.5601851851851852,0.771875,0.859375
0.19322419166564941,22,0.578125,0.778125,0.84375
0.2224578857421875,23,0.5746527777777778,0.753125,0.765625
0.22259879112243652,24,0.5908564814814815,0.784375,0.84375
0.2199878692626953,25,0.5839120370370371,0.78125,0.84375
0.21928787231445312,26,0.5810185185185185,0.78125,0.8125
0.19620037078857422,27,0.5798611111111112,0.8,0.859375
0.2172994613647461,28,0.5949074074074074,0.80625,0.828125
0.2194507122039795,29,0.5862268518518519,0.79375,0.8125
0.21763110160827637,30,0.5891203703703703,0.825,0.875
