Time,Server round,Accuracy aggregated,Accuracy std,Top5,Top1
2.656693458557129,1,0.07291666666666667,2.891366458960192,0.178125,0.28125
0.20125746726989746,2,0.22453703703703703,5.065789397736765,0.34375,0.375
2.5015580654144287,3,0.29976851851851855,4.878068834647125,0.421875,0.5
0.21343636512756348,4,0.33217592592592593,5.98739416515139,0.453125,0.484375
0.22771286964416504,5,0.4241898148148148,6.56091118333083,0.54375,0.578125
0.21225929260253906,6,0.41898148148148145,6.494784232152922,0.540625,0.609375
0.18866801261901855,7,0.33275462962962965,6.324994510318215,0.46875,0.5
0.19583940505981445,8,0.3159722222222222,6.503332479070505,0.478125,0.53125
0.21830368041992188,9,0.31539351851851855,8.132581932503902,0.51875,0.640625
0.21581077575683594,10,0.3605324074074074,7.544018970165851,0.5875,0.640625
0.20651578903198242,11,0.45775462962962965,7.4587011082508345,0.6125,0.71875
0.21205830574035645,12,0.515625,7.836453279386026,0.65,0.71875
0.2212812900543213,13,0.4756944444444444,7.468154613646756,0.60625,0.65625
0.22205901145935059,14,0.3854166666666667,6.117733785207286,0.496875,0.59375
0.20740056037902832,15,0.49074074074074076,7.233870947762953,0.61875,0.65625
2.4155781269073486,16,0.4398148148148148,7.044304239754429,0.5875,0.625
0.20969271659851074,17,0.515625,7.104693284489251,0.6875,0.71875
0.2134697437286377,18,0.4930555555555556,7.083313725463056,0.634375,0.65625
0.21828532218933105,19,0.45891203703703703,7.428249382518662,0.58125,0.625
0.2095322608947754,20,0.5266203703703703,7.272474743090476,0.66875,0.71875
0.20685172080993652,21,0.5028935185185185,6.901610118097241,0.68125,0.75
0.2154548168182373,22,0.4699074074074074,7.1177399659036595,0.59375,0.625
0.19890832901000977,23,0.5769675925925926,8.265120823207743,0.7625,0.84375
0.21596765518188477,24,0.49594907407407407,6.988959547425893,0.628125,0.6875
0.21468687057495117,25,0.5179398148148148,7.339769902539331,0.64375,0.65625
