Time,Server round,Accuracy aggregated,Accuracy std,Top5,Top1
21.99716,1,0.094628,50.61925657101721,0.7368750000000001,1.0
22.416436,2,0.094364,50.69394976927598,0.72,1.0
23.033676,3,0.094716,50.81884553714689,0.720625,1.0
22.512618,4,0.095242,50.93055063176051,0.734375,1.0
