Time,Server round,Accuracy aggregated,Accuracy std,Top5,Top1
124.664124,1,0.150121,55.42154364504835,0.2757546439628483,0.340625
125.98369,2,0.23826,60.16061834788602,0.35019886363636366,0.389062
126.402468,3,0.288242,60.416450574326184,0.39920454545454553,0.471875
129.033817,4,0.351519,46.68554380105259,0.42235576923076923,0.459375
125.794751,5,0.399776,54.85751999498338,0.4835407913165266,0.521875
128.056364,6,0.43163,54.17748609893228,0.5081531703590526,0.55
127.480627,7,0.445615,51.927738252305964,0.5094117647058823,0.553125
124.814936,8,0.459168,60.72435672775793,0.5264285714285715,0.595313
128.50098,9,0.48144,59.772297094891705,0.5373301820728291,0.603125
125.553543,10,0.494993,60.536848282678214,0.5523844537815126,0.632812
129.891544,11,0.502417,56.77675580728438,0.547269385026738,0.592187
126.269769,12,0.513726,59.18485870558449,0.5653425802139037,0.610938
126.662255,13,0.532372,61.880752257870945,0.5855287114845937,0.621875
128.353639,14,0.535307,62.91063105707969,0.5842121848739497,0.607812
127.377519,15,0.542818,62.33329768269925,0.5913550420168068,0.61875
127.563597,16,0.550587,63.50346447242071,0.605735294117647,0.625
128.042847,17,0.549033,67.22350779303324,0.605437675070028,0.628125
128.794378,18,0.557148,67.96109180994668,0.6093408613445378,0.640625
130.998555,19,0.565608,65.81747488319496,0.6167279411764706,0.639062
123.315546,20,0.57001,69.42641788253229,0.6254027406417112,0.648438
