Time,Server round,Accuracy aggregated,Accuracy std,Top5,Top1
124.862351,1,0.150207,55.40036100965408,0.2757546439628483,0.340625
126.20367,2,0.238346,60.45946989512891,0.35139204545454544,0.389062
126.33801,3,0.301968,58.07142154278643,0.4055681818181818,0.48125
125.997697,4,0.346771,44.786465589505944,0.41140078671328667,0.471875
128.476558,5,0.395287,52.397972289011335,0.4771892507002802,0.510938
128.525436,6,0.424465,51.06591328861161,0.48690476190476184,0.521875
127.688418,7,0.444147,50.88307675445737,0.5091325280112045,0.526563
125.047844,8,0.458391,57.941781125540146,0.5204407051282052,0.540625
127.821914,9,0.48239,58.624568228687195,0.5389478291316527,0.546875
125.73745,10,0.49482,56.861586330316186,0.5485851648351648,0.578125
129.507059,11,0.50587,57.54476518329013,0.5519318181818182,0.59375
126.82713,12,0.516661,58.49433733277094,0.5700707013574661,0.6
126.411964,13,0.535135,64.27478121316322,0.5898660714285715,0.609375
127.297633,14,0.535912,63.932307951457524,0.5892113095238095,0.598437
128.050474,15,0.549465,64.92601558697407,0.6119485294117647,0.626838
127.326802,16,0.552659,64.01007733162022,0.6149632352941177,0.634375
129.031213,17,0.560342,67.08462938706602,0.6209313725490195,0.640625
128.763677,18,0.569838,67.76317215125042,0.6239434523809524,0.63125
128.693384,19,0.574499,67.04019316797945,0.6271691176470588,0.648438
122.689751,20,0.576226,65.35967793678302,0.6278091577540107,0.646875
