Time,Server round,Accuracy aggregated,Accuracy std,Top5,Top1
0.412798,1,0.155482,134.32143350932492,0.4357929328529657,0.520833
0.267795,2,0.269382,133.48628206673524,0.5949855169340463,0.65483
