Round,Accuracy (%),nt
0,0,0
0,0,1
0,0,2
1,0.37985808129904003,0
1,0.04505903924069628,1
1,0,2
2,0.5670931939362667,0
2,0.30947320334383754,1
2,0,2
