Time,Server round,Accuracy aggregated,Accuracy std,Top5,Top1
10.204381,1,0.160581,106.11007256618007,0.3745275119617225,0.485795
10.120556,2,0.277768,110.61350505250252,0.4359952873028531,0.485795
9.802882,3,0.317086,103.5312030259477,0.47300200469608367,0.526563
9.992245,4,0.379671,106.3651611196072,0.5097513955342902,0.526042
9.95802,5,0.466542,89.10224464063742,0.5672105263157896,0.620313
12.140684,6,0.476393,90.01249913206499,0.5903289473684211,0.618421
9.788025,7,0.49966,92.79256435728026,0.5909813596491228,0.621711
10.052543,8,0.523353,102.91611875697605,0.6338980263157895,0.685937
10.616818,9,0.543733,93.63187224444462,0.6428190789473684,0.679688
9.837526,10,0.547215,94.80801653868727,0.6337362938596491,0.65625
9.871735,11,0.550442,92.01461840381668,0.6357401315789474,0.651563
9.887067,12,0.570822,95.37866637775976,0.6446491228070176,0.69375
9.802144,13,0.588995,95.6758067643017,0.6605592105263158,0.710938
9.805403,14,0.591457,95.68849199355166,0.6638157894736841,0.695312
10.437266,15,0.594344,96.36414011446375,0.6700383771929825,0.6875
9.8728,16,0.602497,99.74009975932448,0.6873656798245615,0.740625
9.847257,17,0.606573,101.4673716028951,0.6723879142300195,0.695724
9.932625,18,0.612177,100.74694784458734,0.6751425438596492,0.7
9.929997,19,0.61481,97.8728767330357,0.6828070175438598,0.712171
9.928103,20,0.613961,100.4547161660417,0.6824671052631579,0.728618
