Time,Server round,Accuracy aggregated,Accuracy std,Top5,Top1
2.961623,1,0.041589,120.55906228898765,0.15031741822891131,0.340925
1.616556,2,0.057655,95.05046028294656,0.1709757974021105,0.3058
1.9226,3,0.119906,130.22836672553333,0.27185981791596053,0.517575
2.180812,4,0.203122,137.7372135626389,0.34194105980758216,0.393635
2.043798,5,0.227278,105.12544886943408,0.300200409327108,0.348797
1.663369,6,0.247788,152.6609314788823,0.381105146870864,0.457286
