Time,Server round,Accuracy aggregated,Accuracy std,Top5,Top1
10.191317,1,0.166101,110.59186226843275,0.3877803528708134,0.502841
9.944255,2,0.272758,103.56080339587946,0.42810362395888707,0.464489
10.291247,3,0.332711,103.32565025200664,0.4980088716108453,0.539062
9.848661,4,0.371518,109.81068937038872,0.49813541666666666,0.528646
9.93735,5,0.45304,92.0814177779643,0.5628527046783626,0.621875
9.84153,6,0.455757,93.10761247073195,0.5934046052631579,0.610938
9.805655,7,0.459834,107.8776506047476,0.5860487938596491,0.613487
9.820939,8,0.451427,115.07284649299329,0.598002840909091,0.671875
9.800202,9,0.474949,98.66573620056764,0.6119501096491227,0.682813
10.24606,10,0.507982,98.17733954431644,0.6490350877192982,0.669408
9.747311,11,0.488706,80.58217855084337,0.6151315789473685,0.648026
9.845694,12,0.519616,98.73270734665387,0.6420486111111112,0.717187
9.801725,13,0.546705,95.94420253459819,0.6526315789473685,0.703125
10.115296,14,0.545007,104.01485470835404,0.6423297392787525,0.682813
9.868047,15,0.565302,96.19993503116311,0.6481907894736842,0.666667
9.790997,16,0.576087,96.84761225760809,0.6697587719298246,0.71875
10.113254,17,0.584239,99.14484353711998,0.6626918859649124,0.71875
9.953396,18,0.599694,97.19202642192414,0.6629812378167641,0.715625
9.8655,19,0.602666,98.15664776264519,0.6877138157894735,0.715461
12.162489,20,0.599694,95.96608776020828,0.674780701754386,0.697368
