Time,Server round,Accuracy aggregated,Accuracy std,Top5,Top1
16.815442085266113,1,0.11615566037735849,90.66462154556208,0.41079044117647057,0.5572916666666666
13.765338659286499,2,0.12752227463312368,137.03839024156696,0.5720838804271708,0.9107142857142857
13.597150564193726,3,0.1278498427672956,137.09739749535728,0.5707891281512605,0.9122023809523809
14.108987092971802,4,0.16063941299790357,127.05838657876937,0.6149519230769231,0.796875
14.484255075454712,5,0.1708595387840671,117.32628690962652,0.5534014724310777,0.6229166666666667
13.59700345993042,6,0.277810534591195,113.10453394979353,0.5648958333333333,0.6532738095238095
13.824381351470947,7,0.23185272536687632,119.92400260164769,0.6678152576590076,0.76953125
14.280614137649536,8,0.29202699161425577,123.08716423738097,0.5825047348484849,0.68359375
13.897504091262817,9,0.3014937106918239,106.1626751735279,0.5211876818034906,0.5513392857142857
13.56563115119934,10,0.27007992662473795,93.57825602136428,0.4671888130252101,0.5357142857142857
14.224281311035156,11,0.22323768343815514,88.00392036722002,0.47943509615384616,0.53515625
13.754972696304321,12,0.11078354297693921,72.56052921526965,0.3205354532163743,0.384765625
13.664998054504395,13,0.14756944444444445,110.79228312477365,0.5628064903846154,0.71484375
14.156476020812988,14,0.07615959119496855,99.01580681891149,0.4045865314327486,0.494140625
13.824031591415405,15,0.07235980083857442,101.06071244553938,0.4083963815789474,0.51953125
13.350690126419067,16,0.13892164570230608,124.68772032561988,0.6236057692307692,0.78515625
13.52664303779602,17,0.1271619496855346,135.49476152235556,0.5594072785364146,0.8988095238095238
13.358323574066162,18,0.13911818658280922,125.50480628246872,0.6269711538461538,0.78125
13.962080001831055,19,0.09479821802935011,95.53044331520712,0.6557190205627705,0.9875
13.816376447677612,20,0.12771881551362682,136.67150251606952,0.5687406994047619,0.9032738095238095
14.221739292144775,21,0.12804638364779874,137.01761784529754,0.5687064513305322,0.9092261904761905
13.717995166778564,22,0.13806996855345913,125.26871117721296,0.620390625,0.78125
13.91275429725647,23,0.09181734800838574,104.02065371838422,0.47219975490196076,0.7083333333333334
14.74099087715149,24,0.07036163522012578,88.7263117682686,0.3430172952047952,0.4588068181818182
13.738703489303589,25,0.12794811320754718,137.05614032213222,0.5755287114845938,0.9122023809523809
