Time,Server round,Accuracy aggregated,Accuracy std,Top5,Top1
237.657408,1,0.163128,109.64418589236732,0.38343376196172246,0.485795
239.25278,2,0.283543,110.78830037508473,0.4563910209551657,0.5
241.756301,3,0.325323,100.79458070749638,0.4747861842105263,0.5
238.949815,4,0.38536,107.75151971086069,0.5083478867623604,0.520833
241.025555,5,0.472571,88.65769848129378,0.5600877192982456,0.603125
243.203424,6,0.498981,94.44130452296812,0.598876096491228,0.634868
241.335265,7,0.514521,94.70822297984478,0.6017697368421053,0.629934
241.778077,8,0.531675,97.35885938115752,0.6205197368421052,0.665625
