Time,Server round,Accuracy aggregated,Accuracy std,Top5,Top1
123.645908,1,0.160411,106.18591008227033,0.3745275119617225,0.485795
124.438285,2,0.279976,111.68047053983969,0.44588887781321995,0.492898
124.992541,3,0.327276,103.2134196701185,0.47306593899521526,0.494318
125.077807,4,0.388587,104.94693897394055,0.5117523923444975,0.536458
125.872035,5,0.477327,85.15778003212625,0.5604405901116427,0.607812
125.140586,6,0.491933,89.68683013687127,0.5845997807017543,0.614062
125.806614,7,0.517748,94.79676945972368,0.6102653508771929,0.626645
125.966545,8,0.539742,98.46451137338772,0.6217247807017544,0.671875
126.934436,9,0.551376,95.15107724035498,0.6338388157894738,0.661184
124.846415,10,0.555707,93.40963547728896,0.6469353070175439,0.65625
128.08354,11,0.576936,91.99570642154991,0.6576973684210528,0.682813
125.374381,12,0.58322,96.0704949503228,0.6565460526315791,0.682813
125.455753,13,0.596213,96.1480499022211,0.6608388157894737,0.696875
126.016571,14,0.603601,97.54096575285689,0.6700603070175438,0.698438
126.296228,15,0.609969,98.1958629474786,0.6739418859649123,0.7125
126.653589,16,0.60895,99.01236033950508,0.6782127192982456,0.7
127.212788,17,0.6098,95.32495738262881,0.674577850877193,0.69375
127.157778,18,0.613281,94.98257734974348,0.675531798245614,0.696875
121.333247,19,0.621009,99.56268126160525,0.6939967105263157,0.730263
128.008646,20,0.629586,99.29556888401414,0.7047423245614036,0.741776
