Time,Server round,Accuracy aggregated,Accuracy std,Top5,Top1
124.109977,1,0.160581,106.11007256618007,0.3745275119617225,0.485795
125.396023,2,0.279976,111.47388707674995,0.44608380958709903,0.492898
125.911343,3,0.330078,105.24650825561862,0.48168336323763955,0.525
125.49303,4,0.389861,111.60890421467276,0.5181013257575757,0.536458
125.927769,5,0.480129,87.7274757416398,0.564030701754386,0.60625
127.49231,6,0.494141,93.32442070540807,0.5929934210526315,0.626645
127.403529,7,0.524372,96.12173271430349,0.6158651315789474,0.626645
124.599003,8,0.53677,100.30427458488495,0.6261940789473683,0.638158
127.327087,9,0.55248,96.68976160897284,0.6329769736842106,0.654687
125.484026,10,0.557235,95.60800175717512,0.6452850877192983,0.679688
128.285443,11,0.573879,95.02468100446328,0.6572916666666667,0.6875
125.613454,12,0.589079,100.1375429097399,0.6674671052631579,0.709375
126.278903,13,0.599949,99.26775659800113,0.6662609649122807,0.707812
126.823946,14,0.602751,98.10958159119832,0.6739035087719298,0.703125
126.800162,15,0.60377,97.03478757641508,0.6835307017543858,0.710526
126.883494,16,0.600543,98.98555450165443,0.6811239035087719,0.710526
127.514411,17,0.616084,100.33039170660105,0.6970942982456141,0.726562
128.187595,18,0.624406,98.48262537117905,0.7052247807017544,0.732812
128.578762,19,0.621349,100.89562676350249,0.6990296052631579,0.735938
122.33355,20,0.626359,101.61968313274747,0.6947149122807017,0.74375
