Time,Server round,Accuracy aggregated,Accuracy std,Top5,Top1
21.992349,1,0.094716,50.608953484927014,0.7368750000000001,1.0
22.371931,2,0.094891,50.810536479001584,0.7150000000000001,1.0
21.24565,3,0.094803,50.87937805350131,0.7260714285714286,1.0
22.772664,4,0.094101,50.789889146425324,0.708125,1.0
