Time,Server round,Accuracy aggregated,Accuracy std,Top5,Top1
285.755428,1,0.150207,55.40036100965408,0.2757546439628483,0.340625
293.155448,2,0.238778,61.56143273186549,0.35664772727272726,0.392188
295.301179,3,0.297825,55.065869647178005,0.39553308823529415,0.464062
294.398751,4,0.348671,45.138093668208896,0.423626979638009,0.4875
291.740358,5,0.382683,52.00987886930712,0.469624474789916,0.492188
305.524593,6,0.416954,61.03892200882974,0.5015397408963584,0.542188
298.543712,7,0.418767,60.38913395636669,0.5082738095238095,0.546875
303.455942,8,0.430249,67.58964417719625,0.5160600490196078,0.540625
289.797036,9,0.465211,65.11795067414207,0.5287838999236059,0.5625
305.339688,10,0.48731,64.70384455347302,0.5396001241405654,0.552557
301.074535,11,0.503453,58.31586405087385,0.5579807263814617,0.589063
308.602675,12,0.508719,62.35565331226993,0.5642663770053475,0.614062
297.70783,13,0.525035,64.70927290582085,0.5850419372294372,0.628125
315.968215,14,0.5322,66.97452874040997,0.5946323529411766,0.629687
294.992785,15,0.533063,66.55289249912434,0.5943382352941177,0.639062
297.083087,16,0.537465,65.81572760366629,0.5932169117647058,0.601562
298.996068,17,0.542559,66.06502478619076,0.5926838235294116,0.614062
300.509626,18,0.552314,68.90275756455615,0.6039989973262032,0.648438
300.742166,19,0.559306,70.61265821366592,0.6074966577540106,0.629687
299.050012,20,0.56509,69.88569238406384,0.618831885026738,0.640625
