Time,Server round,Accuracy aggregated,Accuracy std,Top5,Top1
124.758971,1,0.149948,55.34823845435373,0.2754421439628483,0.340625
125.956198,2,0.236274,60.62447937920787,0.34957386363636367,0.389062
126.187327,3,0.297566,58.14316382860499,0.3987132352941177,0.470313
126.498149,4,0.345908,46.32307740208977,0.40463376696832576,0.440625
127.034142,5,0.383719,50.43993953208112,0.4584768907563025,0.509375
125.681038,6,0.41212,55.16257789480111,0.4900113795518207,0.514706
127.374596,7,0.424983,56.38286530498427,0.5021295248868779,0.50625
127.46347,8,0.446996,59.18099357057128,0.5184162895927602,0.585938
128.553472,9,0.462621,64.7769056068596,0.531208864664747,0.598437
125.859423,10,0.479627,64.05279072764903,0.5493654874537228,0.6125
129.321349,11,0.497928,59.685341584010395,0.5558174974535268,0.601562
126.180396,12,0.513035,61.43718336642721,0.5818240950226244,0.625
128.582163,13,0.523222,62.14296018053855,0.5934191176470589,0.615625
127.381717,14,0.529869,64.87441714574398,0.5984375,0.629687
127.625683,15,0.536084,66.85693681286931,0.6017244397759104,0.63125
131.860788,16,0.544976,67.76818944017909,0.606845238095238,0.640625
127.714249,17,0.551623,68.04153143485235,0.60875,0.651563
127.880684,18,0.560169,70.13093112172403,0.6146874999999999,0.659375
129.524516,19,0.555508,66.55063861451669,0.6052055481283423,0.634375
122.447654,20,0.565003,68.17028311515217,0.6231584224598931,0.642188
