Time,Server round,Accuracy aggregated,Accuracy std,Top5,Top1
10.97269058227539,1,0.13725551654964896,136.2052994563721,0.6484061164529915,0.8125
5.286166191101074,2,0.14954237713139418,130.4673277108104,0.7405842074592075,0.9431818181818182
5.2064313888549805,3,0.13631519558676028,101.41607170463664,0.5459307359307359,0.9460227272727273
5.315945148468018,4,0.4406344032096289,196.09093400766903,0.8810662202380952,0.947265625
5.2598371505737305,5,0.5936873119358074,231.16675279979165,0.90952906162465,0.9315476190476191
4.957564115524292,6,0.6150325977933802,220.70941620148426,0.9427123978962214,0.9799107142857143
5.366661071777344,7,0.7142364593781344,222.1207608486879,0.9232496843434344,0.9416666666666667
5.378251314163208,8,0.6674398194583752,218.4957335967913,0.9573683954933955,0.9722222222222222
5.514103412628174,9,0.7057422266800402,221.83908041641357,0.9353219696969697,0.9630681818181818
4.974807977676392,10,0.8534039618856569,228.80570010382172,0.9256458009583011,0.94375
5.365818738937378,11,0.7577733199598796,235.98764713433624,0.9738216814503581,0.9787946428571429
5.323577404022217,12,0.7054601303911735,210.27058852821048,0.939487907925408,0.9659090909090909
5.3736724853515625,13,0.7755767301905717,231.67517260164067,0.9405119724025974,0.966796875
5.204294443130493,14,0.845379889669007,240.5837143282978,0.9511571358748778,0.95625
5.143719911575317,15,0.828767552657974,238.60793700126573,0.9695174433409728,0.9875
4.9537389278411865,16,0.7952294383149449,217.6580887538986,0.937908231474408,0.9801136363636364
5.17320990562439,17,0.8069207622868606,222.81567628872077,0.9477137445887447,0.9744318181818182
5.295428514480591,18,0.8710819959879639,240.06154960759542,0.9757742869875223,0.9947916666666666
5.526448011398315,19,0.8017489969909729,242.4915742866131,0.9703619528619528,0.9786931818181818
5.518963813781738,20,0.7957309428284854,243.40573616905579,0.9739093406593406,0.9821428571428571
5.43992805480957,21,0.8203673520561685,246.54048024614536,0.9715849728228759,0.9768145161290323
5.0674707889556885,22,0.805667001003009,232.79044997593866,0.9477914586533538,0.96875
5.2046637535095215,23,0.8424335506519559,238.96486854765908,0.9806371984277582,0.9910714285714286
5.490705251693726,24,0.8402081243731193,252.67866075313918,0.9829217262418164,0.9895833333333334
5.442770719528198,25,0.832027331995988,256.01767517107095,0.9847385813111618,0.9895833333333334
