Time,Server round,Accuracy aggregated,Accuracy std,Top5,Top1
10.951521873474121,1,0.13725551654964896,136.18033485052092,0.6484061164529915,0.8125
5.1022889614105225,2,0.1494796890672016,130.47864039757619,0.7416258741258741,0.9431818181818182
5.1288228034973145,3,0.16377256770310933,107.46762303131116,0.5427164502164502,0.9460227272727273
5.107924222946167,4,0.4528585757271815,198.77937116310636,0.8897105654761905,0.951171875
5.196326494216919,5,0.5715897693079238,223.8525443232665,0.9247826479076477,0.9523809523809523
5.174478054046631,6,0.6232133901705116,218.0623406276288,0.9403448879551821,0.9799107142857143
5.138810396194458,7,0.712230441323972,223.7054500900682,0.930106534090909,0.9552083333333333
5.422576189041138,8,0.6650890170511534,219.89414635228468,0.957128010878011,0.9722222222222222
5.429044008255005,9,0.7073094282848545,220.73182280767767,0.9316247294372294,0.9715909090909091
5.104650259017944,10,0.8432484954864594,228.22255892001562,0.9244958398083398,0.9488636363636364
5.407157897949219,11,0.7538553159478435,234.87711595640815,0.9761408730158729,0.9836309523809523
5.26078462600708,12,0.7113528084252758,213.8134934937456,0.9479902389277388,0.9875
5.521788120269775,13,0.7664242728184554,228.47318967441234,0.9383545048701298,0.9732142857142857
5.148634195327759,14,0.850802407221665,242.7026691241775,0.955845192915876,0.9625
5.270137786865234,15,0.8371364092276831,238.83520343533948,0.9674175579322638,0.98125
5.116035223007202,16,0.7859829488465396,214.50298272984458,0.9416206709956711,0.9829545454545454
5.265536069869995,17,0.8143179538615848,225.09189234621488,0.9536329295704296,0.9744318181818182
5.311611890792847,18,0.8710506519558676,240.2580279616063,0.9744590028093348,0.9895833333333334
5.410931587219238,19,0.7993355065195586,242.7260974843867,0.9717141654641654,0.9803240740740741
5.537855625152588,20,0.7892740722166499,237.98419191198394,0.9714182224025973,0.9866071428571429
5.4036571979522705,21,0.8218091775325977,246.1626202330484,0.9718409547441805,0.9735576923076923
4.908763885498047,22,0.8199912236710131,234.73459821679464,0.9514481872294374,0.965625
5.218328952789307,23,0.8469784353059178,238.91933031883374,0.9812919603325201,0.9880952380952381
5.667510986328125,24,0.8363528084252758,251.4136519761805,0.9833253756047874,0.9851190476190477
5.366492986679077,25,0.8311183550651956,255.28434656280828,0.9836144366386301,0.9851190476190477
