Time,Server round,Accuracy aggregated,Accuracy std,Top5,Top1
21.66128921508789,1,0.21282101677148846,150.9441499363258,0.78976076007326,1.0
18.304961919784546,2,0.2653301886792453,134.9570301985043,0.838578869047619,1.0
18.26300811767578,3,0.29278039832285113,140.67516625190106,0.8548849587912087,1.0
18.41771936416626,4,0.32507861635220126,139.29526050803022,0.8736092032967033,1.0
18.553887844085693,5,0.32907494758909855,131.05950404301095,0.8665779532967033,1.0
17.75289535522461,6,0.3568854821802935,136.17169309368228,0.8553399725274724,1.0
18.71409320831299,7,0.3793238993710692,130.297198741953,0.858430631868132,1.0
18.4857337474823,8,0.37742400419287214,128.18223901929628,0.8971583104395604,1.0
17.567662954330444,9,0.4005503144654088,127.98814945142381,0.8987208104395604,1.0
17.063132762908936,10,0.4059551886792453,125.82591307040057,0.893586881868132,1.0
18.388962268829346,11,0.41391509433962265,136.9233420567874,0.889637706043956,1.0
17.686506032943726,12,0.42230083857442346,141.1408317957635,0.883316163003663,1.0
17.687843084335327,13,0.4290487421383648,141.3142540581098,0.8875600961538461,1.0
18.50792622566223,14,0.43307783018867924,136.65241893212135,0.9057491987179487,1.0
18.18478798866272,15,0.4325537211740042,135.7439133073745,0.9237952152014651,1.0
18.473954916000366,16,0.45581105870020966,143.36962718790895,0.9282938415750916,1.0
18.19083261489868,17,0.4649502096436059,147.98670751118158,0.914606227106227,1.0
17.538973569869995,18,0.4693396226415094,148.71747173751982,0.9180660485347986,1.0
18.2408390045166,19,0.48362159329140464,144.95558492172697,0.9209249084249084,1.0
17.928263902664185,20,0.4928262578616352,146.58284347085097,0.9191449175824176,1.0
18.988022804260254,21,0.49927935010482183,147.8906839527088,0.9204727564102564,1.0
17.42528772354126,22,0.49633123689727465,145.25989949053385,0.9240699404761905,1.0
17.785710334777832,23,0.5068461740041929,145.56334840886285,0.922953869047619,1.0
18.288114309310913,24,0.5161163522012578,147.23242034280358,0.9218377976190476,1.0
17.706104278564453,25,0.5213574423480084,150.28804875970678,0.9202008928571429,1.0
