Time,Server round,Accuracy aggregated,Accuracy std,Top5,Top1
19.67948627471924,1,0.2144916142557652,124.18131260378914,0.6992782738095238,0.9107142857142857
15.295090675354004,2,0.27794156184486374,154.55707683571143,0.7583985469187675,0.9151785714285714
16.441734075546265,3,0.3046383647798742,160.98645905789715,0.8670467032967032,1.0
16.202195167541504,4,0.36677803983228513,176.62043030181982,0.8895215201465202,1.0
16.653880834579468,5,0.3842046645702306,152.7086232011801,0.8908264652014652,1.0
15.988481283187866,6,0.4363207547169811,146.09873373852355,0.9014955357142858,1.0
16.418550968170166,7,0.4627227463312369,145.8721686957454,0.9311830357142856,1.0
16.54824709892273,8,0.4780856918238994,141.460135727349,0.93359375,1.0
16.038326501846313,9,0.5114648846960168,141.1822991737987,0.9246651785714285,1.0
15.318562984466553,10,0.5158215408805031,136.27463593787363,0.9308482142857143,1.0
15.76695466041565,11,0.5164439203354297,148.19695543431385,0.9298363095238095,1.0
15.618142366409302,12,0.5278760482180294,141.62107893954203,0.9256622023809523,1.0
15.728205919265747,13,0.5411425576519916,145.63351262673024,0.9217857142857143,1.0
16.44775366783142,14,0.5565055031446541,148.62978032682415,0.9252232142857142,1.0
16.644211292266846,15,0.5677083333333334,144.6864043371042,0.9271949404761906,1.0
16.91938591003418,16,0.5863142033542977,151.79281801192045,0.9326636904761905,1.0
16.200817823410034,17,0.5911949685534591,158.6751347880316,0.9214508928571428,1.0
15.250149250030518,18,0.6103904612159329,158.68023695470083,0.9292187500000001,1.0
16.044292211532593,19,0.6062958595387841,155.30610934538282,0.9308035714285715,1.0
16.043874740600586,20,0.6137971698113207,157.70016613814965,0.9264955357142857,1.0
16.99979281425476,21,0.6311910377358491,155.56617755797694,0.9262499999999999,1.0
16.839401483535767,22,0.6346632599580713,162.74854838062305,0.92265625,1.0
15.836742401123047,23,0.6519261006289309,166.66240847893684,0.9362946428571428,1.0
17.056346654891968,24,0.6431472746331237,161.19434729543093,0.9332886904761907,1.0
16.04577398300171,25,0.6526795073375262,161.78952376467396,0.944955357142857,1.0
