Round,Accuracy (%),nt
0,0,0
0,0,1
0,0,2
1,0.7489575914055081,0
1,0.042391500407804754,1
1,0,2
2,0.6728027030336813,0
2,0.8077585753367003,1
2,0,2
