Time,Server round,Accuracy aggregated,Accuracy std,Top5,Top1
0.390582,1,0.249828,219.31837588309833,0.805960648148148,0.826705
0.26775,2,0.337397,234.56544928867933,0.8356213859610598,0.892045
