Time,Server round,Accuracy aggregated,Accuracy std,Top5,Top1
3.5871479511260986,1,0.14583333333333334,6.232174580353154,0.29375,0.359375
0.20437383651733398,2,0.16898148148148148,6.260635395513426,0.346875,0.46875
0.18911957740783691,3,0.19560185185185186,5.767341001035245,0.390625,0.53125
0.21771979331970215,4,0.19733796296296297,6.123633634443597,0.359375,0.421875
0.20347261428833008,5,0.2193287037037037,7.245611698737995,0.4,0.484375
0.18965482711791992,6,0.22627314814814814,5.980431050982492,0.421875,0.625
0.18507885932922363,7,0.22106481481481483,5.227703978697425,0.375,0.421875
0.20413851737976074,8,0.22280092592592593,6.170269217969522,0.38125,0.4375
0.21915197372436523,9,0.24479166666666666,6.7889616289974715,0.4625,0.53125
0.20307159423828125,10,0.25578703703703703,6.228607834464741,0.4375,0.5
0.22482800483703613,11,0.2494212962962963,6.5751214606440715,0.45625,0.59375
0.19598174095153809,12,0.25405092592592593,7.305173205034604,0.4625,0.65625
0.23241734504699707,13,0.2361111111111111,6.81469001496033,0.425,0.46875
0.2090444564819336,14,0.24074074074074073,6.53061167800451,0.43125,0.46875
0.21421098709106445,15,0.25636574074074076,7.1352801081823145,0.45,0.46875
0.20142722129821777,16,0.234375,6.525590650150631,0.4625,0.53125
0.20085763931274414,17,0.22627314814814814,6.172429739485811,0.4125,0.453125
0.18535637855529785,18,0.23726851851851852,6.813385518391148,0.45625,0.578125
0.20102405548095703,19,0.24131944444444445,6.982597415479907,0.459375,0.578125
0.22237443923950195,20,0.27025462962962965,7.06957487327837,0.471875,0.5625
0.19259095191955566,21,0.26099537037037035,6.774871872507176,0.428125,0.53125
0.20006632804870605,22,0.2777777777777778,7.545418035691153,0.478125,0.53125
0.20096182823181152,23,0.26099537037037035,7.063914558436341,0.4125,0.515625
0.20224237442016602,24,0.2800925925925926,8.281438415047367,0.46875,0.546875
0.20197415351867676,25,0.2864583333333333,8.151686941977102,0.465625,0.515625
