Time,Server round,Accuracy aggregated,Accuracy std,Top5,Top1
21.338928699493408,1,0.21694837526205452,154.8210851273172,0.7487190934065934,0.925
14.996644258499146,2,0.2596305031446541,161.4495884169421,0.7714657738095237,0.9151785714285714
15.215726852416992,3,0.29789046121593293,157.99438471034344,0.9132268772893773,1.0
15.71646523475647,4,0.32219601677148846,159.23969856791365,0.9118532509157509,1.0
16.090072631835938,5,0.3484342243186583,144.44207281813704,0.904223901098901,1.0
15.16078495979309,6,0.34450340670859536,143.98188913887748,0.9131925366300366,1.0
16.630090713500977,7,0.36415749475890985,139.973656092852,0.913229739010989,1.0
16.12495183944702,8,0.3712002096436059,138.74909152855741,0.9132268772893773,1.0
15.666844844818115,9,0.37594994758909855,136.32831107293893,0.9076121794871795,1.0
15.174842596054077,10,0.3887906184486373,130.45932546199984,0.9134901556776557,1.0
15.550803661346436,11,0.39573506289308175,136.65224330394287,0.9098414606227105,1.0
15.482099771499634,12,0.4059224318658281,130.02620658928723,0.9217261904761905,1.0
15.723939418792725,13,0.4165683962264151,134.26505278738767,0.9207446199633701,1.0
15.650551795959473,14,0.41850104821802936,135.78854738158148,0.8763993818681319,1.0
16.709084033966064,15,0.3987159329140461,128.91425987841686,0.876880151098901,1.0
15.614059925079346,16,0.41856656184486374,133.41456592141654,0.8952981913919414,1.0
16.060763120651245,17,0.4233490566037736,134.54995206242177,0.90139652014652,1.0
15.382146120071411,18,0.4172562893081761,140.22689613622632,0.8968578296703298,1.0
15.9548921585083,19,0.4179769392033543,137.6180220755988,0.8990928342490843,1.0
15.633342266082764,20,0.42777122641509435,142.15508292002787,0.9112580128205128,1.0
16.951751708984375,21,0.4406118972746331,146.87075815151223,0.9131896749084248,1.0
15.33190655708313,22,0.455188679245283,151.72960686695265,0.908058608058608,1.0
15.959789276123047,23,0.47068265199161424,151.31885407972135,0.8999856913919414,1.0
16.70239233970642,24,0.4772667714884696,153.10819703725858,0.8981255723443222,1.0
15.832994937896729,25,0.482311320754717,153.54911136180502,0.894665750915751,1.0
