Round,Cid,Selected,Total time,Size of parameters,Avg loss train,Avg accuracy train
1,3,1,1.681977,3514152,1.826426,0.383283
1,8,1,1.596228,3514152,2.1299,0.20397
1,18,1,1.706934,3514152,1.855441,0.340625
1,2,1,1.858375,3514152,2.088776,0.260776
1,7,1,1.901611,3514152,1.80863,0.370084
1,4,1,2.035395,3514152,1.819943,0.320964
