Time,Server round,Accuracy aggregated,Accuracy std,Top5,Top1
17.855366230010986,1,0.16066950852557674,141.16660228255125,0.6444502632783882,0.8035714285714286
11.395917654037476,2,0.3764418254764293,212.70495997978045,0.9316190753690753,0.9616477272727273
12.25916862487793,3,0.3280466399197593,166.68742484062798,0.7399740526709218,0.9517045454545454
11.010306596755981,4,0.6325539117352056,219.77187172156496,0.9027323457792209,0.9419642857142857
10.42953372001648,5,0.6184177532597793,215.2683906197099,0.902891573295985,0.9209558823529411
12.806846380233765,6,0.7693392678034102,232.58110413359034,0.9422255644682116,0.9659090909090909
9.689289331436157,7,0.7450162988966901,225.13692633595227,0.9429882154882154,0.9641203703703703
13.397271394729614,8,0.7063691073219659,223.28609808942429,0.9627991221741222,0.9837962962962963
10.966500759124756,9,0.8045072718154463,235.15846657094872,0.9460891972610723,0.96875
11.566896438598633,10,0.8116223671013039,235.68144941848945,0.9301841329966329,0.9375
