Time,Server round,Accuracy aggregated,Accuracy std,Top5,Top1
33.83842992782593,1,0.1607635406218656,141.31356481244114,0.6480216918498168,0.8214285714285714
18.52583885192871,2,0.3658788866599799,211.68223449311944,0.9281031468531469,0.9616477272727273
17.631520986557007,3,0.3330303410230692,168.81898589909844,0.7369364182623196,0.9517045454545454
17.441373109817505,4,0.6235581745235708,218.3033339186555,0.8965976731601731,0.9330357142857143
17.254768133163452,5,0.602212888665998,214.3003322442595,0.8989700046685339,0.9136904761904762
17.541294813156128,6,0.7738214643931796,234.31982929321197,0.9441739700930878,0.96875
17.944800853729248,7,0.7482447342026078,226.65870025216327,0.9449137205387205,0.9675925925925926
18.582411766052246,8,0.704425777331996,223.5113634695113,0.962136994949495,0.9826388888888888
17.938217401504517,9,0.8056983450351053,236.16462478533907,0.9423708843240093,0.95625
17.5793399810791,10,0.8169821965897693,236.7190951317616,0.9314559659090909,0.9375
