Time,Server round,Accuracy aggregated,Accuracy std,Top5,Top1
12.5028715133667,1,0.17388613861386137,153.69323807042207,0.6435862141330893,0.8035714285714286
5.675551652908325,2,0.20716937765205093,123.92195042008646,0.7246212121212121,0.9460227272727273
4.811598062515259,3,0.34180516265912303,210.13233148350557,0.8704719994058229,0.9131944444444444
5.016928195953369,4,0.36448019801980197,200.87241153101567,0.8243997883244207,0.9779411764705882
5.460604190826416,5,0.38551980198019803,207.62160636256388,0.8926866883116883,0.99375
5.376413822174072,6,0.3969678217821782,251.39782928941244,0.8089093701996928,0.9122983870967742
6.20421028137207,7,0.4208362800565771,234.278769931926,0.9291429924242424,0.9895833333333334
5.705243349075317,8,0.588932107496464,205.66446618961967,0.9079136427298191,0.9857954545454546
