Time,Server round,Accuracy aggregated,Accuracy std,Top5,Top1
2.7951407432556152,1,0.0028935185185185184,0.3726779962499649,0.01875,0.03125
2.3936002254486084,2,0.1423611111111111,3.5251477510406093,0.20625,0.234375
2.5263512134552,3,0.1556712962962963,3.311428023610895,0.228125,0.25
0.23108863830566406,4,0.16898148148148148,3.9066894197289637,0.234375,0.3125
0.23749995231628418,5,0.23032407407407407,5.144144459696114,0.34375,0.390625
0.22756481170654297,6,0.2986111111111111,5.821798118565547,0.39375,0.40625
0.2193605899810791,7,0.3269675925925926,6.148622248565572,0.4125,0.4375
0.2251415252685547,8,0.36342592592592593,6.233957188032512,0.46875,0.5
0.2214345932006836,9,0.5243055555555556,9.275056154367297,0.665625,0.71875
0.24976181983947754,10,0.4670138888888889,8.986471313405874,0.64375,0.671875
0.2522761821746826,11,0.36226851851851855,7.04619676768176,0.484375,0.515625
0.24212002754211426,12,0.35127314814814814,7.022266174264703,0.503125,0.5625
0.2507352828979492,13,0.37789351851851855,6.6064783020574245,0.475,0.515625
0.23996901512145996,14,0.421875,6.928924880528004,0.5375,0.5625
0.23139095306396484,15,0.46875,7.429670248402684,0.575,0.609375
0.23336029052734375,16,0.5,7.90527250215534,0.625,0.6875
0.23128342628479004,17,0.5509259259259259,8.602066935077612,0.684375,0.71875
0.22996997833251953,18,0.6660879629629629,10.675465121274836,0.790625,0.8125
0.2362213134765625,19,0.6579861111111112,9.662125370055321,0.778125,0.828125
0.23931455612182617,20,0.6475694444444444,10.057004192767016,0.790625,0.84375
0.22582173347473145,21,0.6435185185185185,10.112478540012939,0.753125,0.765625
0.2438662052154541,22,0.6620370370370371,10.619897467594601,0.76875,0.828125
0.24166011810302734,23,0.7118055555555556,10.785793124908958,0.85,0.90625
0.22359538078308105,24,0.7569444444444444,11.432701634638539,0.878125,0.90625
0.24281811714172363,25,0.7667824074074074,11.072739297732769,0.884375,0.9375
