Time,Server round,Accuracy aggregated,Accuracy std,Top5,Top1
9.761287212371826,1,0.16004262788365095,152.87663523246448,0.7040622571872572,0.8258928571428571
4.871591567993164,2,0.19499122367101304,183.35202098695285,0.9657620851370853,0.9955357142857143
4.849655389785767,3,0.2505328485456369,178.22816949068405,0.9461413586413588,0.9709821428571429
4.953752756118774,4,0.4049022066198596,202.3123090669473,0.9442501167133519,0.9816176470588235
4.406267166137695,5,0.4910356068204614,218.62547335569113,0.9697123913668031,0.9834558823529411
4.836473226547241,6,0.6053786359077231,198.30582845695685,0.9895868347338936,1.0
5.216778039932251,7,0.5486459378134403,258.0599806246602,0.9843701182396035,0.9947916666666666
5.256495714187622,8,0.7855127883650953,237.97128314147488,0.9861126893939394,0.9933035714285714
4.876959800720215,9,0.6980002507522568,261.72198149945297,0.9873843562351627,0.9914772727272727
4.890335559844971,10,0.8666624874623872,238.72947032153363,0.9931691225441226,0.9975961538461539
5.06024694442749,11,0.8601115847542627,239.34265729284448,0.9902214452214453,0.9958333333333333
4.968838453292847,12,0.8905466399197592,243.86139997957858,0.9913936198210391,0.9975961538461539
5.373493671417236,13,0.8858763791374122,249.71237934872192,0.9941335978835978,0.9955357142857143
4.849097490310669,14,0.9069395687061184,250.62467955091734,0.9965404217242451,1.0
5.112806558609009,15,0.9327670511534604,257.682338548842,0.9944321895424837,0.9979166666666667
4.936005115509033,16,0.907879889669007,255.15291493533834,0.9952368233618234,0.9975961538461539
5.080420732498169,17,0.9373119358074222,252.57084867418885,0.9938116281866283,1.0
4.838788032531738,18,0.9416060682046138,257.51704331946655,0.9943117329206039,1.0
5.412441253662109,19,0.9551466900702106,253.3163405704417,0.996456228956229,1.0
5.251986026763916,20,0.9496614844533601,255.05136423865684,0.9972254597254597,1.0
4.885017156600952,21,0.9559929789368105,255.1023324079966,0.9976157407407407,1.0
4.418726682662964,22,0.94856444332999,256.7727251870806,0.9962710437710438,1.0
4.77523136138916,23,0.9582497492477432,258.38128105572974,0.9965836247086246,0.9979166666666667
4.915006160736084,24,0.9617916248746239,254.67903329485137,0.9980356449106449,1.0
4.603039026260376,25,0.9644558676028084,257.6013975117371,0.9978336247086247,1.0
