Time,Server round,Accuracy aggregated,Accuracy std,Top5,Top1
9.861964,1,0.12483,69.70975541486284,0.2674424342105263,0.401562
13.210453,2,0.232252,86.65672218587545,0.3707052986000354,0.43125
13.209499,3,0.241508,81.20689625887694,0.37537878787878787,0.475852
9.713249,4,0.250085,79.13714361789917,0.3912738095238095,0.44
11.435455,5,0.300187,67.08567283705217,0.441861543062201,0.513158
13.258745,6,0.300611,70.40099431116012,0.443640350877193,0.588816
13.340911,7,0.388587,73.38705607939319,0.49893640350877194,0.524671
13.984266,8,0.37551,91.38539270583674,0.51,0.570312
13.168414,9,0.420516,86.94273977739601,0.5213020833333333,0.541667
9.789406,10,0.345873,85.79001981582708,0.5272697368421053,0.615132
10.055905,11,0.44302,58.778631321254835,0.5203618421052633,0.552083
15.828079,12,0.430452,111.43270390688723,0.5559667658730159,0.63125
13.133222,13,0.467731,80.68915664449592,0.5671137360446571,0.598684
14.197117,14,0.496858,91.14520009303837,0.5660893640350878,0.595395
13.191417,15,0.445482,87.67958713406445,0.5858398125996811,0.657895
13.185826,16,0.493207,82.32946009782889,0.5890143540669857,0.640625
9.736028,17,0.51605,91.26241011500846,0.5907416979949874,0.634375
9.783881,18,0.469939,71.55773892459152,0.5575019936204147,0.613487
9.719448,19,0.488876,91.89138969457368,0.5991352671451355,0.715461
13.347368,20,0.524032,79.67902798101895,0.5952521929824561,0.621711
