Time,Server round,Accuracy aggregated,Accuracy std,Top5,Top1
4.981630086898804,1,0.004050925925925926,0.4229525846816506,0.01875,0.03125
0.22688055038452148,2,0.14699074074074073,3.4325241764949337,0.20625,0.234375
0.21526241302490234,3,0.14930555555555555,3.3126021996812915,0.2,0.234375
0.227020263671875,4,0.1857638888888889,4.375309512861158,0.265625,0.359375
0.23795652389526367,5,0.27662037037037035,5.5733492822738295,0.384375,0.40625
0.2236464023590088,6,0.3287037037037037,6.054933709151754,0.41875,0.453125
0.21436810493469238,7,0.33449074074074076,6.397568982737809,0.41875,0.4375
0.22000741958618164,8,0.3697916666666667,6.649060083951716,0.484375,0.515625
0.23848271369934082,9,0.4982638888888889,9.36714115049695,0.64375,0.671875
0.2101900577545166,10,0.4479166666666667,9.293008124391152,0.625,0.703125
0.22954583168029785,11,0.36921296296296297,6.947101713824422,0.503125,0.59375
0.22016596794128418,12,0.36863425925925924,7.003253212297522,0.49375,0.515625
0.23138189315795898,13,0.3940972222222222,6.367364708679198,0.509375,0.5625
0.2135176658630371,14,0.44849537037037035,6.439893028787218,0.540625,0.578125
0.21988201141357422,15,0.4693287037037037,6.725490481907043,0.584375,0.65625
0.2349224090576172,16,0.49363425925925924,7.432735401960409,0.609375,0.65625
0.2299344539642334,17,0.5370370370370371,8.656147462288803,0.65625,0.671875
0.23670387268066406,18,0.6811342592592593,10.619740528322192,0.821875,0.84375
0.20015597343444824,19,0.71875,11.220813993051781,0.8625,0.921875
0.2207784652709961,20,0.6568287037037037,10.48835332907676,0.796875,0.859375
0.23459339141845703,21,0.6597222222222222,11.704699910719626,0.81875,0.875
0.22141218185424805,22,0.7042824074074074,11.68099120603879,0.86875,0.9375
0.25243330001831055,23,0.7534722222222222,11.892854997854805,0.884375,0.9375
0.2230839729309082,24,0.7662037037037037,11.62678899018221,0.88125,0.90625
0.23123955726623535,25,0.7604166666666666,11.223190277278562,0.859375,0.90625
0.24207115173339844,26,0.7673611111111112,10.690806018880584,0.865625,0.90625
0.2128760814666748,27,0.7534722222222222,11.202975795147765,0.878125,0.90625
0.2225334644317627,28,0.7662037037037037,11.40097461720805,0.915625,0.9375
0.2259807586669922,29,0.7523148148148148,11.810541430810398,0.884375,0.96875
0.2226712703704834,30,0.7581018518518519,10.74657568199698,0.8875,0.9375
