Time,Server round,Accuracy aggregated,Accuracy std,Top5,Top1
10.093908,1,0.118461,69.68850335600557,0.2624111842105263,0.39375
13.461624,2,0.222486,89.17510863464086,0.3601983375420875,0.426136
