Round,Accuracy (%),nt
0,0,0
0,0,1
0,0,2
1,0.19438638618326118,0
1,0.07720684088693956,1
1,0,2
2,0.2721442640165228,0
2,0.27795336174242424,1
2,0,2
