Time,Server round,Accuracy aggregated,Accuracy std,Top5,Top1
6.6250810623168945,1,0.11747685185185185,6.666749999479173,0.3125,0.375
3.3397505283355713,2,0.14872685185185186,5.571853870621119,0.278125,0.328125
0.2196199893951416,3,0.13773148148148148,4.611097724210821,0.240625,0.265625
3.432581663131714,4,0.16956018518518517,5.660879397722192,0.290625,0.3125
0.2032785415649414,5,0.15104166666666666,4.69148164229596,0.240625,0.28125
0.22796916961669922,6,0.14583333333333334,5.65449673563734,0.30625,0.359375
0.23335766792297363,7,0.1579861111111111,7.015934245225886,0.353125,0.421875
3.335512399673462,8,0.1712962962962963,6.878630354624063,0.35625,0.421875
0.21290040016174316,9,0.2013888888888889,6.998094978873417,0.396875,0.4375
0.2103252410888672,10,0.20833333333333334,7.784600182411426,0.396875,0.421875
0.2140815258026123,11,0.21122685185185186,7.694514640674585,0.403125,0.4375
0.20595288276672363,12,0.234375,8.098353742170895,0.4125,0.453125
0.21717572212219238,13,0.22164351851851852,7.791804811609581,0.440625,0.53125
0.20834088325500488,14,0.23148148148148148,8.215162134059735,0.421875,0.4375
0.2025899887084961,15,0.24479166666666666,8.673138609138755,0.428125,0.46875
0.20157957077026367,16,0.2673611111111111,8.796211305632292,0.45625,0.484375
0.20710492134094238,17,0.27546296296296297,8.413217114886683,0.4875,0.5625
0.2087714672088623,18,0.2916666666666667,7.769169839822013,0.490625,0.53125
0.2032945156097412,19,0.3107638888888889,8.979049689879956,0.50625,0.53125
0.20831775665283203,20,0.3136574074074074,8.648442377420086,0.51875,0.5625
0.22259926795959473,21,0.3020833333333333,8.060603782182408,0.48125,0.515625
0.21281075477600098,22,0.3385416666666667,9.922197337283713,0.571875,0.625
0.2260134220123291,23,0.35474537037037035,10.610319923965012,0.578125,0.625
0.22167491912841797,24,0.3524305555555556,9.664884893261792,0.53125,0.59375
0.2216641902923584,25,0.37210648148148145,10.190463951928566,0.5875,0.625
