Time,Server round,Accuracy aggregated,Accuracy std,Top5,Top1,Norm
4.416682,1,0.126311,36.68415870644984,0.20976606213195476,0.303716,[]
3.118589,2,0.150458,35.19698140466026,0.22571815463846115,0.303716,[]
3.319254,3,0.179267,34.338425997707,0.24384272908836574,0.303716,[]
