Time,Server round,Accuracy aggregated,Accuracy std,Top5,Top1
125.233729,1,0.245707,219.46273032111853,0.8100273569023569,0.825231
126.495773,2,0.336109,229.84448546789196,0.8077072811447813,0.825231
126.8134,3,0.45012,242.2096767265916,0.8472782626994583,0.953125
126.264242,4,0.520948,232.63585278284174,0.8478587962962962,0.953125
133.006681,5,0.64011,206.12001358431934,0.8527863554018446,0.951823
126.90902,6,0.667754,202.30815603924623,0.8510786076343141,0.951823
128.615241,7,0.689818,183.38235329496675,0.8556865253411307,0.951823
126.014229,8,0.738925,179.3578197347414,0.8818295084492167,0.951823
128.371921,9,0.74193,177.37161554205903,0.8908762715997771,0.953125
126.730554,10,0.741157,181.92670914409462,0.8909902484291072,0.950521
129.943872,11,0.739183,172.51014462923624,0.8992228714268189,0.951823
126.692095,12,0.747339,174.62613635993895,0.8996630973193472,0.953125
126.89945,13,0.76013,172.11365431016796,0.9012902462121213,0.951823
127.175491,14,0.768802,172.58066954326026,0.9019412878787879,0.951823
128.302594,15,0.780735,176.52764655996518,0.9015333624708625,0.954427
127.879578,16,0.758156,179.0191260731657,0.8854512299771168,0.951823
128.144267,17,0.790179,177.1119984642486,0.9073987154150199,0.951823
128.878319,18,0.790608,176.04274338921215,0.914914851905341,0.951823
129.023607,19,0.798334,174.84063457903602,0.9155268191952974,0.963068
123.257661,20,0.799107,175.31326247606026,0.9135639948819296,0.951823
