Time,Server round,Accuracy aggregated,Accuracy std,Top5,Top1
124.509891,1,0.245707,219.46273032111853,0.8100273569023569,0.825231
125.856673,2,0.33568,229.73800295118787,0.8051031144781146,0.825231
126.263411,3,0.474674,232.27364788111458,0.8480687765334505,0.953125
126.877382,4,0.523523,232.65616260911725,0.8694128787878789,0.953125
127.228848,5,0.642084,201.35627007868416,0.8544270833333334,0.951823
128.998191,6,0.674193,201.99511751525085,0.8767282196969697,0.951823
126.826994,7,0.685096,187.04919139092797,0.8664087836981859,0.951823
125.656077,8,0.741329,180.98062741630662,0.8777352688787186,0.951823
128.811829,9,0.753091,177.62950205413514,0.8848901721014493,0.953125
125.989416,10,0.758242,177.9329649053261,0.8825551712779973,0.953125
129.944899,11,0.741243,176.64656803912155,0.8952506785977181,0.951823
126.886711,12,0.761848,176.98788094104071,0.9015990406785244,0.951823
126.973328,13,0.781765,174.31640771883752,0.907737835081585,0.951823
127.580358,14,0.782109,173.95214859265175,0.9065441069347319,0.953125
128.028845,15,0.791123,177.29181453186158,0.9076832022144522,0.951823
127.858958,16,0.77215,179.5402740334324,0.9059812446325605,0.951823
127.785404,17,0.794128,173.23726504421617,0.9127372174926522,0.951823
128.585044,18,0.80091,178.3548359310731,0.9110466073781291,0.951823
128.868499,19,0.804773,174.64023018766324,0.9156847794415729,0.951823
123.327406,20,0.79739,173.26061295054916,0.9129765727931488,0.951823
