Time,Server round,Accuracy aggregated,Accuracy std,Top5,Top1
10.373057,1,0.245707,219.46273032111853,0.8100273569023569,0.825231
10.048494,2,0.33568,229.7841378337504,0.8051031144781146,0.825231
9.860376,3,0.473987,231.73788533599767,0.8508108713951105,0.953125
10.041147,4,0.521291,232.57523513908353,0.8491031236275802,0.953125
10.57092,5,0.634873,205.33481804116903,0.8532907196969697,0.951823
9.859777,6,0.671532,202.29159646411415,0.8612928907596027,0.951823
10.543549,7,0.696944,184.28399279373127,0.8753158413144826,0.951823
9.90807,8,0.73987,181.3780306431846,0.8991919086348436,0.951823
9.806594,9,0.733602,180.27114993808632,0.8832221673254281,0.953125
12.025048,10,0.738582,189.5358211526254,0.89258069828722,0.951823
9.910432,11,0.744162,175.6998577119515,0.8933391033308796,0.953125
9.803496,12,0.762363,176.44574236858196,0.9030096375544746,0.951823
9.991592,13,0.78022,172.9983814953192,0.9086277173913043,0.953125
10.184664,14,0.77773,175.30016400448687,0.906060606060606,0.954427
9.93216,15,0.779104,179.62986249507625,0.9097280550065877,0.951823
9.856831,16,0.767342,177.97918417612775,0.8763247282608695,0.951823
9.82595,17,0.791638,176.43397490279472,0.9069518844046875,0.953125
9.71433,18,0.78829,171.3504887649872,0.9151012370781393,0.951823
9.711063,19,0.793527,178.1286824180766,0.9125851164234318,0.951823
9.967501,20,0.79533,175.69792258305162,0.9160861872442967,0.951823
