Time,Server round,Accuracy aggregated,Accuracy std,Top5,Top1
4.698177,1,0.162959,77.56576242131577,0.3216639254385965,0.410156
4.274077,2,0.197775,97.89457339403447,0.38276372354497357,0.46875
4.360581,3,0.245584,92.46750780679666,0.4243049028822055,0.5
