Round,Cid,Selected,Total time,Size of parameters,Avg loss train,Avg accuracy train
1,18,1,1.592165,1276408,1.839024,0.336719
1,4,1,1.849427,1276408,1.819943,0.320964
2,1,1,1.570594,1276408,1.761347,0.336349
2,2,1,1.779604,1276408,2.045771,0.264368
3,18,1,1.597781,1276408,1.748995,0.343359
3,7,1,1.758743,1276408,1.671144,0.462781
