Time,Server round,Accuracy aggregated,Accuracy std,Top5,Top1
10.083973,1,0.245707,219.46273032111853,0.8100273569023569,0.825231
10.165188,2,0.342376,235.34515078921854,0.8198449623042015,0.831522
10.394653,3,0.453726,242.77909197457674,0.850774291127552,0.953125
9.788001,4,0.524639,234.1312612617119,0.8725015096618357,0.953125
11.071756,5,0.649725,205.33372835459838,0.8654434974747474,0.951823
9.762136,6,0.658997,200.1565886999476,0.8551609848484849,0.951823
9.915882,7,0.69205,182.76199687024652,0.860604441854442,0.951823
9.849715,8,0.741672,176.34043070152686,0.8950838337387251,0.951823
9.952595,9,0.730598,179.0428719608798,0.8840784385451504,0.953125
10.40519,10,0.748798,183.5840134652252,0.8920542037220025,0.951823
9.989676,11,0.760474,176.23986495682524,0.8976052593240093,0.951823
9.866608,12,0.759787,180.54597752373215,0.9025914189976689,0.953125
10.360427,13,0.774639,174.0273757200286,0.8973020469114219,0.951823
9.746861,14,0.752232,179.4881333124839,0.8938028117715617,0.951823
11.596693,15,0.769145,176.34950382691753,0.9063137383449883,0.951823
9.848518,16,0.782709,175.37367961013993,0.8942718626482213,0.954427
9.868066,17,0.777387,172.25732930705735,0.9046329463109355,0.951823
9.721591,18,0.789062,172.6998769542121,0.9166041951707712,0.951823
9.898033,19,0.771635,171.18685697214025,0.9209881264568764,0.951823
9.770983,20,0.790007,177.92636117225575,0.9193542078392622,0.951823
