Time,Server round,Accuracy aggregated,Accuracy std,Top5,Top1
9.599841117858887,1,0.13719282848545636,136.123798066319,0.6484061164529915,0.8125
5.075551986694336,2,0.2395310932798395,149.01414161078807,0.765688722197343,0.8352272727272727
5.133146047592163,3,0.2817201604814443,139.72709973373097,0.6839069264069264,0.9460227272727273
5.224613666534424,4,0.5204989969909729,207.6406164506357,0.8714637445887445,0.921875
5.283377170562744,5,0.558049147442327,228.04226274969295,0.916593720821662,0.96875
5.074793338775635,6,0.7570210631895687,250.33601099322487,0.9596432502682501,0.9715909090909091
5.391297101974487,7,0.8232823470411234,239.32726046148608,0.9481383951696453,0.9616477272727273
5.411802291870117,8,0.7983011534603811,229.48707065976507,0.9633174695674696,0.9772727272727273
5.384389638900757,9,0.786672517552658,220.67468907874323,0.9246874999999999,0.9375
5.273261308670044,10,0.6994734202607823,195.38735271250286,0.8377651515151516,0.871875
8.760175943374634,11,0.7677720661985958,220.30780739683286,0.9339008520074696,0.9613095238095238
6.500734806060791,12,0.20310932798395184,74.98186447401798,0.39743371212121215,0.5710227272727273
5.4639012813568115,13,0.1964957372116349,79.54316815415388,0.330465367965368,0.396875
5.04028058052063,14,0.19922266800401203,132.84030111378098,0.565801282051282,0.6964285714285714
5.04166841506958,15,0.16292627883650954,114.71494410058352,0.49101911976911977,0.66875
4.8895392417907715,16,0.11907597793380141,100.77112483246378,0.5486471861471862,0.9232954545454546
5.210102319717407,17,0.10058299899699097,100.6367109955408,0.5415800865800866,0.9403409090909091
5.289067029953003,18,0.14239593781344032,164.43369606014454,0.6625821699647602,0.828125
5.37820291519165,19,0.08353184553660983,122.26418118157092,0.5292824074074074,0.6336805555555556
5.440420150756836,20,0.1374122367101304,136.38672076122364,0.6521301701770451,0.8169642857142857
5.5203094482421875,21,0.09158726178535607,123.49269775982708,0.5971275604534618,0.8918269230769231
4.91625452041626,22,0.08807673019057172,129.39474487010668,0.8319013112491372,1.0
5.085304498672485,23,0.0906782848545637,130.4506052113213,0.6744017440892441,0.8153409090909091
5.291194677352905,24,0.14064067201604816,165.16111043462985,0.6637910002710762,0.8333333333333334
5.266910791397095,25,0.09196339017051154,124.20989332577336,0.6000642120371722,0.8942307692307693
