Time,Server round,Accuracy aggregated,Accuracy std,Top5,Top1
8.691544,1,0.308207,223.02320507068316,0.8372286567599068,0.951823
8.72885,2,0.389509,212.8016153604103,0.84232043997669,0.951823
9.96822,3,0.420501,213.8209297519773,0.8494997529644269,0.953125
8.081989,4,0.572974,214.172383840681,0.8519827463951104,0.953125
