Time,Server round,Accuracy aggregated,Accuracy std,Top5,Top1
17.940224409103394,1,0.30782973921765294,219.1011720644141,0.9103869047619046,1.0
13.002153158187866,2,0.35309052156469406,212.33221611427692,0.9466242784992784,1.0
9.25412392616272,3,0.4070649448345035,212.60440352918374,0.937542735042735,1.0
12.84922194480896,4,0.45589894684052157,202.2200039560874,0.9403525641025642,1.0
10.78508973121643,5,0.5324097291875627,205.62208441701975,0.970857475857476,1.0
10.451258182525635,6,0.5938440320962889,210.0256022488687,0.9778950216450216,1.0
12.958434820175171,7,0.6540245737211635,230.9486904054665,0.9886182036917329,1.0
9.092803239822388,8,0.6934867101303912,235.84844710109923,0.9910523504273504,1.0
15.064715385437012,9,0.7650764794383149,231.7489754022658,0.9903506216006216,1.0
10.033849477767944,10,0.7932547642928787,231.20132871590508,0.9924485236985238,1.0
