Time,Server round,Accuracy aggregated,Accuracy std,Top5,Top1
23.60464882850647,1,0.28021564694082246,216.969122227104,0.96187324929972,1.0
12.812731742858887,2,0.36700727181544635,227.19565928952076,0.9608786231884057,1.0
13.898072481155396,3,0.41370987963891676,212.1427340259383,0.9403377872127873,1.0
13.029661178588867,4,0.4862713139418255,213.82039565953477,0.9751190476190477,1.0
12.295475482940674,5,0.5754137412236711,207.8106214802314,0.9809506302521008,1.0
12.819690704345703,6,0.6328046639919759,215.56857748753643,0.9819940476190474,1.0
14.08408784866333,7,0.6754012036108324,227.3873312214205,0.98125,1.0
13.269473314285278,8,0.7038615847542627,234.61753046181352,0.9855555555555556,1.0
13.12833309173584,9,0.7667377131394183,238.68318415841532,0.9877020202020201,1.0
13.152570009231567,10,0.7983011534603811,231.11372871380877,0.9891955266955268,1.0
