Time,Server round,Accuracy aggregated,Accuracy std,Top5,Top1
10.225391,1,0.174436,68.65804759822406,0.3035425627760986,0.360795
9.88364,2,0.27015,80.8149738600465,0.37534931245225367,0.445
9.997483,3,0.316428,84.96828820212869,0.43396089572192514,0.539773
10.077974,4,0.366718,93.6802407127565,0.4944802489177489,0.55506
10.198782,5,0.443135,79.83514263781333,0.5462421536796537,0.632812
10.810697,6,0.460809,92.05556745792184,0.5694989177489177,0.6375
9.916763,7,0.50111,84.49821004021328,0.6046996753246754,0.646875
10.173296,8,0.507941,86.32176724326256,0.5996617965367965,0.63125
10.776146,9,0.519126,86.2670273047588,0.6155432900432901,0.653125
9.946639,10,0.538764,88.13710909713343,0.6287613636363636,0.667188
9.91102,11,0.547387,89.34286485220852,0.6353560606060606,0.671875
10.681195,12,0.553449,89.06228157867955,0.635969696969697,0.675
9.81742,13,0.564976,89.78378194306585,0.6472132034632034,0.678125
9.954174,14,0.570953,91.71328965858766,0.6593641774891775,0.682813
9.831171,15,0.572746,94.57610691924256,0.6709139610389611,0.700284
9.891663,16,0.576844,93.0229004062978,0.6650246212121212,0.694602
10.17802,17,0.585553,96.0749186832859,0.6781988636363636,0.724432
9.880757,18,0.586834,92.60846343612445,0.6708216991341991,0.700284
10.599326,19,0.593835,91.19642262720616,0.6791285173160173,0.713068
9.938434,20,0.603057,93.44852861334951,0.679989448051948,0.723011
