Time,Server round,Accuracy aggregated,Accuracy std,Top5,Top1
32.42765188217163,1,0.23783851554663993,205.1559952816393,0.9179794266191326,1.0
16.87837290763855,2,0.41308299899699097,257.4852298676567,0.9801271645021645,1.0
16.702154397964478,3,0.4706619859578736,257.07994398630166,0.9877891308038367,1.0
16.57260012626648,4,0.5384277833500501,283.70246103973085,0.9901252546473135,1.0
15.692334413528442,5,0.6037174022066198,261.36360037312005,0.9891369047619047,1.0
16.632153272628784,6,0.6556231193580743,263.2654637433478,0.9922213203463205,1.0
18.050053358078003,7,0.6790997993981945,269.26644350902694,0.9927495421245421,1.0
18.25048327445984,8,0.7324159979939819,259.80004695919513,0.9937073343323345,1.0
17.267480611801147,9,0.7841963390170511,246.0733947423004,0.9935449966699966,1.0
17.090046405792236,10,0.7942264292878636,249.46561205905712,0.9931662087912088,1.0
