Time,Server round,Accuracy aggregated,Accuracy std,Top5,Top1
10.794926,1,0.101584,46.70499616386524,0.3567261904761904,0.442708
25.525586,2,0.101062,51.08238443925656,0.314343364968365,0.560096
