Round,Accuracy (%),nt
0,0,0
0,0,1
0,0,2
1,0.19505224650167086,0
1,0.04688945890856343,1
1,0,2
2,0.16022482607476804,0
2,0.08293030753968253,1
2,0,2
