Time,Server round,Accuracy aggregated,Accuracy std,Top5,Top1
10.170846,1,0.100666,116.94634453457705,0.311015820802005,0.520833
13.209805,2,0.122182,90.60931243531208,0.29960607009949114,0.534226
