Time,Server round,Accuracy aggregated,Accuracy std,Top5,Top1
9.181687116622925,1,0.22414672865404242,0.31689756313626855,0.40050551470588236
2.9906463623046875,2,0.16442127792266698,0.32413918539706243,0.39989276960784315
3.296600580215454,3,0.1826099897947613,0.3440256222211313,0.4155448717948718
2.97003173828125,4,0.23146757001927656,0.37611055814219513,0.4686698717948718
3.04624342918396,5,0.2838650924141059,0.43301850341833636,0.4688301282051282
3.10129714012146,6,0.2753642703254337,0.40438848270531097,0.4388621794871795
3.1375741958618164,7,0.28443205011906114,0.4084509132435814,0.4329971181556196
2.998591184616089,8,0.2835816135616283,0.4281994805067863,0.4996165644171779
3.0135653018951416,9,0.28747236081188343,0.43861829610219105,0.5139953987730062
3.2216756343841553,10,0.3077729901349359,0.43869035571886456,0.5142829754601227
3.293041229248047,11,0.3238285236421363,0.44403152895271114,0.5137078220858896
2.9325485229492188,12,0.32723026987186754,0.4547284890947891,0.5123657975460123
2.9127964973449707,13,0.34321139018029256,0.4740198948062367,0.5365222392638037
3.109794855117798,14,0.35683609252749743,0.47905670649454224,0.5370015337423313
2.951911211013794,15,0.3751594568545187,0.4853348678649258,0.5365222392638037
3.032508373260498,16,0.37671504705748954,0.4854202782867324,0.5373849693251533
2.83488392829895,17,0.3825688853611521,0.49972197367534366,0.5370015337423313
2.916693925857544,18,0.38763606984918925,0.5043814641229696,0.5693436675461742
2.8917317390441895,19,0.4278262841592017,0.556180600811528,0.5692612137203166
2.698572874069214,20,0.43385729674566276,0.5687208463890121,0.6075
3.122685432434082,21,0.42566475790906,0.5675873348016102,0.6076785714285714
2.858454465866089,22,0.4263840854972219,0.5573741023867953,0.6075892857142857
3.103919744491577,23,0.44112852931171337,0.5600521715758294,0.6073214285714286
3.2222042083740234,24,0.45025300487583625,0.5711147031137245,0.6074107142857142
3.0565879344940186,25,0.4510432021771176,0.568292624401321,0.6075892857142857
2.881549835205078,26,0.45352009865064064,0.5681834114941998,0.6044642857142857
3.169069528579712,27,0.45489497108515703,0.5781975752069882,0.604375
2.8260154724121094,28,0.45594738632498016,0.5782255864933938,0.6042857142857143
3.0943026542663574,29,0.4642143383603583,0.5769531819445712,0.604375
2.9485116004943848,30,0.4727824866764939,0.5856913029792564,0.6280357142857143
