Time,Server round,Accuracy aggregated,Accuracy std,Top5,Top1
10.340398,1,0.166185,110.6450518550197,0.3880928528708134,0.502841
10.030355,2,0.282184,110.28022261493672,0.4448023823763956,0.504261
