Round,Accuracy (%),nt
0,0,0
0,0,1
0,0,2
1,0.35813510852573355,0
1,0.060480922357978285,1
1,0,2
2,0.39283168859649115,0
2,0.3890644728535354,1
2,0,2
