Time,Server round,Accuracy aggregated,Accuracy std,Top5,Top1
10.050683,1,0.133624,45.98138210188989,0.23133108925388335,0.254261
13.344862,2,0.219945,64.17444974442711,0.32188016917293233,0.37875
13.21175,3,0.280225,58.773208181959916,0.3734686147186147,0.423295
9.707384,4,0.296107,72.45784981628974,0.41627942370129867,0.544643
13.152827,5,0.331967,43.94473802402286,0.4329577117928511,0.449013
9.848273,6,0.337773,67.11601895225908,0.43126470588235294,0.46
13.179812,7,0.376622,75.10357847666114,0.46316687979539645,0.55375
14.157317,8,0.399163,67.72287279789599,0.5007289279348103,0.585227
9.692748,9,0.405055,86.16936810723402,0.5098977272727273,0.5225
13.148811,10,0.424095,68.43922486410844,0.5081339285714286,0.565625
13.211399,11,0.446124,65.81403725650023,0.5062954545454545,0.538352
9.791106,12,0.477117,67.26172760195803,0.523810276679842,0.573438
9.882761,13,0.424778,86.2553621521584,0.5393791296422875,0.669034
13.270674,14,0.451417,68.76574365190855,0.5333451903488668,0.584375
8.905693,15,0.441342,89.08842517409317,0.5504307040998218,0.655
13.418895,16,0.449027,81.73033402599063,0.5800701871657754,0.630682
13.515157,17,0.517247,61.882873236461805,0.5759131493506493,0.611607
10.34461,18,0.464139,87.52462510630937,0.5702448593073595,0.674716
9.784168,19,0.485229,83.03630230206545,0.5806994047619047,0.625
9.805386,20,0.507684,72.54384880884113,0.5703503787878788,0.579688
