Time,Server round,Accuracy aggregated,Accuracy std,Top5,Top1
123.760322,1,0.245879,219.4672185088242,0.8100273569023569,0.825231
125.417887,2,0.335766,229.8750693311478,0.8056712962962964,0.825231
126.038387,3,0.451751,241.6861394453559,0.8450786167837798,0.951823
126.283227,4,0.528417,234.10144702671104,0.8649147727272727,0.953125
126.402384,5,0.630666,205.01075581539618,0.851065340909091,0.951823
128.248637,6,0.654791,201.28742509158388,0.8608300553613054,0.951823
126.276699,7,0.67488,181.82449642443672,0.8553951979733231,0.951823
124.965101,8,0.734718,182.6937054197544,0.8753036478919631,0.951823
127.821682,9,0.748712,181.7485832131849,0.8876156083142639,0.951823
125.123688,10,0.756954,183.4672382197977,0.8924736787097342,0.953125
129.281319,11,0.753777,171.77165074598312,0.9052617201877071,0.951823
126.235348,12,0.762964,174.8382895706773,0.9025549970862471,0.951823
126.386207,13,0.781336,174.6970162882011,0.9063328598484848,0.953125
126.8753,14,0.772407,178.84414304080525,0.9130936771561771,0.953125
127.316124,15,0.783568,178.9341429129723,0.9099122231934732,0.951823
126.86009,16,0.775155,174.9003930813193,0.9053503787878787,0.954427
127.225816,17,0.781593,177.8340799734404,0.9054553689064558,0.951823
127.869621,18,0.78829,175.87265279172883,0.9181314817667078,0.951823
128.390773,19,0.789749,177.8537250101892,0.9097287051002011,0.953125
122.032002,20,0.797218,178.60461920118414,0.9163778896661119,0.953125
