Time,Server round,Accuracy aggregated,Accuracy std,Top5,Top1
10.029933,1,0.246137,219.47557381175702,0.8100273569023569,0.825231
9.799991,2,0.340917,234.5952844794626,0.8209968800322061,0.835598
9.65299,3,0.475189,232.1639237693919,0.8461666026204071,0.953125
9.695694,4,0.522493,232.26258846400557,0.849374862758015,0.953125
9.827585,5,0.621223,208.78999018152186,0.857708539196311,0.951823
9.727808,6,0.657109,202.52088781160327,0.8628742747288942,0.951823
9.68293,7,0.687586,182.97116576116576,0.8763572912832782,0.951823
10.097134,8,0.744763,181.96150004877407,0.9021234766139659,0.951823
9.752161,9,0.739183,182.77513507039188,0.8899504424470457,0.953125
9.883769,10,0.760302,181.78850348688172,0.9015480895915677,0.951823
9.692787,11,0.750172,180.6911453281538,0.890306643740032,0.953125
9.947024,12,0.758757,179.75536153339073,0.9025973573527921,0.953125
9.715329,13,0.780992,177.79940241744347,0.9059208567700416,0.951823
9.713588,14,0.765625,178.57460625744076,0.9055889423076924,0.954427
9.835359,15,0.786573,177.46996929058167,0.9080931070740853,0.954427
9.750562,16,0.785285,174.94578445907177,0.8982244318181818,0.951823
9.639655,17,0.789578,175.31265641704252,0.9104125494071147,0.953125
9.886605,18,0.780907,170.3592087326071,0.9067520347930103,0.953125
9.582403,19,0.785199,175.23672560282563,0.9041612033799534,0.951823
9.641171,20,0.793269,174.18983896886752,0.9077396561771562,0.951823
