Time,Server round,Accuracy aggregated,Accuracy std,Top5,Top1
28.161896,1,0.094277,50.61822245441304,0.7306250000000001,1.0
28.078681,2,0.094452,50.71787860189485,0.72,1.0
27.920722,3,0.094803,50.766568176748414,0.739375,1.0
28.763274,4,0.094716,50.90098837236808,0.721875,1.0
