Time,Server round,Accuracy aggregated,Accuracy std,Top5,Top1
11.548850536346436,1,0.21158946251768035,184.3800555861701,0.8750171956134232,1.0
5.1843249797821045,2,0.37141973125884015,208.64054823391098,0.9701845708639187,1.0
5.248015642166138,3,0.46768917963224893,269.59332033147064,0.9877027629233514,1.0
5.196306467056274,4,0.5692185289957568,267.2775916915,0.9866001400560224,1.0
5.3750083446502686,5,0.6605374823196606,288.83959816719687,0.9874929971988795,1.0
5.000541925430298,6,0.737977369165488,283.4907391497533,0.9911311115355232,1.0
