Time,Server round,Accuracy aggregated,Accuracy std,Top5,Top1
16.832343816757202,1,0.15077961215932914,100.83519425280045,0.7149627976190475,0.9151785714285714
13.739597082138062,2,0.20640068134171907,145.21205046414022,0.7845982142857142,0.9211309523809523
13.650598049163818,3,0.22179638364779874,152.16807680982237,0.7020289606227106,0.9136904761904762
14.128798007965088,4,0.3200668238993711,175.46134503075032,0.8686956272893772,0.9129464285714286
14.716800451278687,5,0.3440448113207547,164.14510775530292,0.8591895604395605,0.9151785714285714
13.731228828430176,6,0.37627751572327045,151.53228170921204,0.8678880494505494,0.9129464285714286
14.355796337127686,7,0.365729821802935,170.65863587876237,0.8885868818681318,0.9196428571428571
14.507616519927979,8,0.4181407232704403,145.14630549896887,0.8814560439560439,0.9084821428571429
14.675740718841553,9,0.44804769392033544,158.60077679507123,0.9126488095238094,1.0
13.894352197647095,10,0.485062893081761,149.61461960650772,0.9285714285714285,1.0
14.434406757354736,11,0.4928590146750524,146.03928786460168,0.8925995879120879,1.0
14.152862787246704,12,0.49207285115303984,140.97193479554716,0.8943452380952381,1.0
13.951363325119019,13,0.511497641509434,147.8016576361713,0.8797475961538461,1.0
14.728452920913696,14,0.5482180293501048,151.0194742409071,0.9271205357142858,1.0
14.106592655181885,15,0.5665946016771488,146.58204664964944,0.9221354166666668,1.0
13.518653869628906,16,0.5898846960167715,158.1740003919734,0.9059014423076924,1.0
14.148121118545532,17,0.5838901991614256,162.37059462846096,0.911235119047619,1.0
13.561112642288208,18,0.5855935534591195,168.75558775933908,0.912952152014652,1.0
14.543526649475098,19,0.6014150943396226,161.24651934227913,0.9172475961538462,1.0
14.134654760360718,20,0.6093094863731656,162.1554180408413,0.940141369047619,1.0
15.229787349700928,21,0.6168107966457023,161.75710185336533,0.9426339285714285,1.0
13.729737043380737,22,0.6070820230607966,170.86434502259388,0.9270982142857143,1.0
14.368293046951294,23,0.6333857442348009,170.64806356944106,0.9377455357142856,1.0
15.219378471374512,24,0.6373493186582809,171.05718459041702,0.9300120192307693,0.99375
14.465187311172485,25,0.6442610062893082,166.18216029405804,0.9386057692307691,1.0
