Time,Server round,Accuracy aggregated,Accuracy std,Top5,Top1
16.882439136505127,1,0.15071409853249476,100.72645928453953,0.7145163690476191,0.9129464285714286
13.606305122375488,2,0.20050445492662475,144.6069279114939,0.7681175595238094,0.9211309523809523
14.00192379951477,3,0.2197654612159329,153.8349362141123,0.6983831272893773,0.9136904761904762
14.404796361923218,4,0.31469470649895176,174.04827031602468,0.871339858058608,0.9300595238095238
14.618869066238403,5,0.3394261006289308,163.16930593711552,0.8553399725274726,0.9129464285714286
13.707761526107788,6,0.39183700209643607,161.57506738355394,0.8704641712454212,0.9151785714285714
13.975024700164795,7,0.38240303983228513,171.55958032124,0.9026299221611721,0.96875
14.615260362625122,8,0.4336674528301887,148.0167949930007,0.9040178571428571,0.9609375
14.550085306167603,9,0.45528694968553457,158.7176726139846,0.9269888965201465,1.0
14.006826877593994,10,0.489354035639413,150.34058533875674,0.93046875,1.0
14.654927492141724,11,0.4961346960167715,140.2584528647026,0.9275669642857143,1.0
14.443884372711182,12,0.5054048742138365,130.0275493885815,0.9298363095238095,1.0
13.96543264389038,13,0.5256158280922432,139.87406335700697,0.929375,1.0
14.741766452789307,14,0.5617138364779874,142.00928983696804,0.9255803571428572,1.0
14.310230493545532,15,0.5783542976939203,141.9764262122413,0.932485119047619,1.0
13.960496664047241,16,0.589098532494759,153.74439046677443,0.94046875,1.0
14.20155954360962,17,0.5872969077568134,157.84233779312822,0.9421502976190477,1.0
13.61678695678711,18,0.5929965932914046,157.78116617644832,0.9349925595238094,1.0
14.818629026412964,19,0.5924069706498952,159.68259141183802,0.9199107142857142,1.0
14.071408987045288,20,0.598401467505241,160.91746455869855,0.9409970238095238,1.0
15.224041223526001,21,0.6199882075471698,167.6974907385319,0.9527901785714284,1.0
13.54470181465149,22,0.6084250524109015,168.1459175835084,0.9395312499999999,1.0
14.45483112335205,23,0.6345649895178197,169.85831271974888,0.9446875,1.0
15.13766622543335,24,0.6264740566037735,165.45576448102375,0.93828125,0.99375
14.366403579711914,25,0.6416732180293501,165.57708657903123,0.9540625,1.0
