Time,Server round,Accuracy aggregated,Accuracy std,Top5,Top1
422.5849220752716,1,0.2664242728184554,162.4247518083374,0.6997562160062161,0.8125
90.4409065246582,2,0.18223420260782347,101.61890375318954,0.6178963744588744,0.9318181818181818
86.39707899093628,3,0.18530591775325977,104.08603364524943,0.575741341991342,0.9346590909090909
87.50660395622253,4,0.43204613841524575,194.95255217616415,0.9081845238095237,0.96875
88.17951202392578,5,0.6079175025075225,223.21561325319516,0.8818686868686869,0.9084821428571429
87.61697578430176,6,0.5713390170511534,207.32748587681277,0.916169007463125,0.9665178571428571
90.24295163154602,7,0.5948470411233701,204.73721303173002,0.9191098484848486,0.953125
89.91983795166016,8,0.5879513540621866,209.4550414766854,0.9284362049987049,0.9571759259259259
