Time,Server round,Accuracy aggregated,Accuracy std,Top5,Top1
0.392749,1,0.165251,110.94417515128949,0.38140475478468905,0.494318
0.27181,2,0.22359,122.34429900898529,0.42871854510012397,0.47017
0.249671,3,0.262313,126.51303292546581,0.4556833964646465,0.50142
0.256536,4,0.324813,115.18761869228828,0.4911458333333333,0.515625
0.257693,5,0.37483,96.80191113815883,0.47973111044657096,0.510417
0.27787,6,0.378057,101.82946528387546,0.48306818181818184,0.510417
0.254777,7,0.416355,102.35442100857196,0.5104622707336522,0.554276
0.256904,8,0.427565,101.54844902803784,0.5308974780701754,0.595313
0.25402,9,0.440642,106.79301241186148,0.5557839912280702,0.609375
0.25058,10,0.446332,105.51189506401636,0.5592077850877193,0.603125
0.266044,11,0.457626,98.00738492583098,0.5509018640350877,0.579688
0.256742,12,0.464504,103.24412816233183,0.5590789473684211,0.621875
0.276765,13,0.474524,104.04056901036249,0.563755980861244,0.632812
0.252301,14,0.47376,107.30306379596064,0.5731160563973063,0.626563
0.247378,15,0.484375,104.00365378197056,0.5779283791866029,0.63125
0.263813,16,0.499575,107.20787051331632,0.6086266447368421,0.660937
0.250346,17,0.495245,102.05018373329858,0.5923848684210526,0.625
0.255517,18,0.500849,99.06507961940977,0.5950274122807018,0.626645
0.265645,19,0.507303,100.09400581453417,0.597985197368421,0.629934
0.257082,20,0.504416,101.22697269008889,0.6042900219298246,0.625
