Round,Cid,Selected,Total time,Size of parameters,Avg loss train,Avg accuracy train
1,4,1,1.333276,3514152,2.170803,0.198077
1,8,1,1.546788,3514152,2.058667,0.321558
1,2,1,1.746099,3514152,2.111863,0.203926
1,3,1,1.765335,3514152,2.173071,0.183544
1,7,1,1.809837,3514152,1.940574,0.320602
1,18,1,1.826975,3514152,1.903352,0.248071
