Round,Cid,Size of parameters,Size of config,Loss,Accuracy
1,19,1276408,412,2.262396,0.138393
1,17,1276408,412,2.172544,0.012868
1,12,1276408,412,2.663189,0.0
1,6,1276408,412,1.867754,0.478516
1,15,1276408,412,2.525657,0.008224
1,0,1276408,412,2.324678,0.013393
