Round,Cid,Selected,Total time,Size of parameters,Avg loss train,Avg accuracy train
1,7,1,1.76533,1276408,1.809797,0.300735
1,18,1,1.330505,1276408,1.487986,0.510064
1,3,1,1.473002,1276408,1.797847,0.286458
1,8,1,1.539955,1276408,2.05482,0.223661
1,4,1,1.644267,1276408,1.816786,0.290417
1,2,1,1.690468,1276408,1.953237,0.289773
