Time,Server round,Accuracy aggregated,Accuracy std,Top5,Top1
10.188822,1,0.160946,136.40376644359935,0.43684895833333337,0.520833
9.866185,2,0.293801,136.68521317245694,0.6106446555895085,0.688988
9.827261,3,0.374744,134.2413777491873,0.6569629329004328,0.791667
9.796142,4,0.405482,109.87059433715648,0.6177281271360219,0.684524
10.367951,5,0.443648,101.99833331971655,0.6496327508276037,0.763393
9.868273,6,0.474812,105.84775623507566,0.6908346065699007,0.845238
9.76797,7,0.485058,123.02376802878378,0.7071878978864272,0.892857
11.978342,8,0.530823,129.08070150103774,0.7113514610389611,0.822917
9.79511,9,0.530055,122.1222338478952,0.7179852484472049,0.744792
9.777426,10,0.568221,127.29213447813655,0.7117766563146998,0.842262
9.584027,11,0.589993,129.76921822990226,0.7061538399327121,0.785714
9.778307,12,0.583504,137.47439761642892,0.7494268407091098,0.924107
10.055493,13,0.600581,132.12119436335715,0.7476848370927318,0.852679
9.559059,14,0.611339,131.19794205703076,0.7662069235588973,0.93006
9.903185,15,0.616035,141.48564414809016,0.7766179653679653,0.928571
9.749689,16,0.621158,136.03046533773232,0.773896103896104,0.919643
9.826637,17,0.625427,130.9274130959594,0.7550538277511961,0.840774
10.525178,18,0.642503,144.33914056831568,0.7666611842105263,0.866071
9.810427,19,0.653262,149.15745874745923,0.7799196428571429,0.91369
9.992151,20,0.663166,143.6204285608423,0.7795211038961039,0.909226
