Time,Server round,Accuracy aggregated,Accuracy std,Top5,Top1
22.326334953308105,1,0.2903084252758275,209.2524370228457,0.9602859638585342,1.0
11.366665840148926,2,0.4437374623871615,273.5627174890614,0.9880008063831592,1.0
11.202488660812378,3,0.6481005516549649,235.5375307673917,0.9892550505050505,1.0
11.518027067184448,4,0.7477432296890673,236.6644578300679,0.9896078431372548,1.0
10.885612487792969,5,0.7860456369107321,252.6362729300763,0.9923056722689075,1.0
11.856448411941528,6,0.8541875626880642,241.766081988355,0.9946924603174603,1.0
12.367886543273926,7,0.8683864092276831,244.54007851474978,0.9954822954822955,1.0
12.279921293258667,8,0.883682296890672,244.949628291206,0.9954011266511266,1.0
11.671452760696411,9,0.9212011033099298,249.07669501581233,0.9964094932844934,1.0
11.650404930114746,10,0.9370298395185557,251.79263293432555,0.9975198412698413,1.0
