Time,Server round,Accuracy aggregated,Accuracy std,Top5,Top1
9.965995,1,0.325478,259.4938149551931,0.9111482267732267,1.0
14.533469,2,0.453467,303.28822512586936,0.9672421328671328,1.0
9.935695,3,0.493169,296.38059990491956,0.968291083916084,1.0
9.824396,4,0.561048,275.59181319480444,0.9672421328671328,1.0
9.738898,5,0.684597,261.52053456659957,0.977712912087912,1.0
9.740485,6,0.679047,263.09604234955725,0.9776785714285714,1.0
9.766906,7,0.688183,265.8535311031245,0.9779532967032967,1.0
10.453821,8,0.753501,253.12069749429816,0.9774725274725273,1.0
9.682346,9,0.757087,245.69641328273394,0.9774725274725273,1.0
9.697027,10,0.75888,243.88981118529733,0.9779532967032967,1.0
9.793141,11,0.783043,247.3324634980212,0.9774725274725273,1.0
10.028824,12,0.785434,243.58930087341685,0.9774725274725273,1.0
9.760805,13,0.790301,246.58357609540823,0.9779532967032967,1.0
9.729646,14,0.792094,249.33396780222307,0.977712912087912,1.0
9.713697,15,0.803535,246.4965466289538,0.9772321428571429,1.0
9.780395,16,0.804389,245.34740165732345,0.9779532967032967,1.0
9.626876,17,0.807036,243.2189137382206,0.9774725274725273,1.0
9.864693,18,0.814293,239.61412207964707,0.977712912087912,1.0
9.441279,19,0.816598,238.25377226814268,0.9779532967032967,1.0
9.799257,20,0.821892,235.37397902062156,0.9774725274725273,1.0
