Time,Server round,Accuracy aggregated,Accuracy std,Top5,Top1
10.169487,1,0.245707,219.46273032111853,0.8100273569023569,0.825231
9.939954,2,0.335508,229.6785579892037,0.8051031144781146,0.825231
