Server round,Layer,Similarity
1,0,0.9994854083447188
1,1,0.9855590901310122
1,2,0.9999200179681326
1,3,0.8268851354766381
1,4,0.9981615744074763
1,5,0.748769292382001
1,6,0.798227215938765
1,7,0.19774830145973973
2,0,0.9993258731552744
2,1,0.9296635636550866
2,2,0.9998377358460419
2,3,0.8797518560943574
2,4,0.9966118944568564
2,5,0.8674559012632731
2,6,0.836895667587828
2,7,0.2552085552073668
