Time,Server round,Accuracy aggregated,Accuracy std,Top5,Top1
10.777619123458862,1,0.18204613841524575,159.49562501836843,0.8212532938076416,1.0
4.9048027992248535,2,0.22708751253761283,180.2593964263722,0.8373850108225109,1.0
5.136523723602295,3,0.2863277331995988,174.62831958190515,0.8329628704628703,1.0
5.167849063873291,4,0.3056983450351053,186.14020629622178,0.9276960784313726,1.0
5.087930202484131,5,0.38923019057171515,173.08284259278852,0.9033955627705627,1.0
4.976906061172485,6,0.3543129388164494,182.2171056734246,0.8955774750611708,1.0
5.224929571151733,7,0.4506018054162487,224.42417338602365,0.9021900527009222,1.0
5.4173924922943115,8,0.45147943831494486,206.7457220839164,0.9469922969187674,1.0
5.454142093658447,9,0.461258776328987,203.00477235769605,0.9687797619047618,1.0
4.8890697956085205,10,0.463327482447342,191.50214202457371,0.9752678571428571,1.0
5.448225736618042,11,0.5501191073219659,221.296587411555,0.9865041208791208,1.0
5.2098565101623535,12,0.574222668004012,240.12305178803635,0.9754006410256411,1.0
5.502351760864258,13,0.631300150451354,238.5374343787574,0.9807760989010988,1.0
5.175352096557617,14,0.6764669007021064,242.24770463308832,0.9787858220211163,1.0
5.202526092529297,15,0.7102557673019058,243.95999672077386,0.9805448717948717,1.0
4.9909257888793945,16,0.7104124874623872,245.28728055078602,0.9837410968660969,1.0
5.076148271560669,17,0.7392489969909729,248.3852048733982,0.9881570512820513,1.0
5.299023389816284,18,0.7713452858575727,255.37193972713604,0.9909883463310883,1.0
5.438669681549072,19,0.7851680040120361,255.2644902840973,0.9897354661467566,1.0
5.347133159637451,20,0.8012161484453361,251.56784850214862,0.9910973898106251,1.0
5.3908915519714355,21,0.8029087261785356,251.69071814431297,0.9909597578347578,1.0
4.990882396697998,22,0.8205554162487463,248.36264533943103,0.9927136752136752,1.0
5.119604825973511,23,0.8430917753259779,252.49482846189147,0.9927884615384615,1.0
5.322807788848877,24,0.8484516048144434,252.67005283570904,0.993518981018981,1.0
5.379907131195068,25,0.8539681544633901,252.8999209173463,0.9938598901098901,1.0
