Time,Server round,Accuracy aggregated,Accuracy std,Top5,Top1
10.847081422805786,1,0.1857760782347041,155.621747837505,0.8212532938076416,1.0
4.881386041641235,2,0.23611459378134403,180.0848255683971,0.836816829004329,1.0
5.275751352310181,3,0.2818455366098295,176.29127715233105,0.8446902056277057,1.0
5.143710613250732,4,0.2961697592778335,167.1781672348396,0.8221455627705627,1.0
5.084150314331055,5,0.35174272818455365,181.7388411980224,0.8896915584415584,1.0
4.981966257095337,6,0.3749373119358074,194.32144091684788,0.8522808441558443,1.0
5.1702635288238525,7,0.39067201604814444,208.65924757843828,0.8963636363636363,1.0
5.3881189823150635,8,0.4534854563691073,232.3665001673004,0.9304568348318348,1.0
5.56907057762146,9,0.4475300902708124,199.88408240777952,0.9181354062604064,1.0
4.93825364112854,10,0.49128635907723167,215.07294018541708,0.9591477272727273,1.0
5.300829887390137,11,0.5383337512537613,231.53308618856184,0.9660944264069264,1.0
5.181576728820801,12,0.5816512036108324,234.03384456099508,0.9592045454545456,1.0
5.301246166229248,13,0.6284791875626881,238.46085548785572,0.9548471320346319,1.0
5.0918869972229,14,0.6759027081243731,247.02923227828725,0.9581628787878789,1.0
5.258707046508789,15,0.7116662487462387,248.7042621267275,0.9658270202020202,1.0
4.852493047714233,16,0.7227306920762286,246.89271840214326,0.9757175925925926,1.0
5.052180051803589,17,0.7405027582748245,257.67951024480004,0.9756481481481482,1.0
5.321117401123047,18,0.7632585255767302,267.0176391177182,0.9822685185185186,1.0
5.3739752769470215,19,0.7744483450351053,265.99671877675485,0.9824537037037036,1.0
5.379397869110107,20,0.7870799899699097,260.68864877474044,0.9865972222222222,1.0
5.400122880935669,21,0.7929099799398195,257.77016196604296,0.9861574074074074,1.0
5.0569908618927,22,0.8058550651955868,257.3400085490012,0.9871794871794872,1.0
5.022151231765747,23,0.8354751755265798,253.79418827073246,0.9900317275317276,1.0
5.425917387008667,24,0.8394245235707122,256.92682927246034,0.9916941854441854,1.0
5.40364670753479,25,0.8485456369107321,253.49707375036894,0.9914521820771821,1.0
