Time,Server round,Accuracy aggregated,Accuracy std,Top5,Top1
18.043203115463257,1,0.11877620545073375,90.26255923692835,0.40462009803921567,0.5260416666666666
13.82546877861023,2,0.12771881551362682,137.34998944302836,0.5751733193277311,0.9122023809523809
13.7914137840271,3,0.12791535639413,137.42230532195273,0.575148043592437,0.9122023809523809
14.190748691558838,4,0.14085429769392033,125.01423918898199,0.6261057692307693,0.8046875
14.395739078521729,5,0.13417190775681342,111.57882236338578,0.5108392073934838,0.5854166666666667
14.138876914978027,6,0.23702830188679244,117.88282996263706,0.6171628891941392,0.74609375
13.7420814037323,7,0.16489779874213836,115.14832868956458,0.6669436813186813,0.7860576923076923
14.452594518661499,8,0.19048087002096437,103.48376684292083,0.5898329274891776,0.83125
13.983238697052002,9,0.17855738993710693,110.1759483734994,0.5249376481361776,0.5625
13.782076597213745,10,0.19365828092243187,111.2950241475332,0.6180208333333332,0.8125
14.039797306060791,11,0.22933045073375263,129.47439746915217,0.7032091346153846,0.840625
13.950628757476807,12,0.20830057651991615,108.85048277338967,0.4592927631578947,0.5234375
13.76017713546753,13,0.2575013102725367,131.0101202197754,0.5538802083333333,0.5885416666666666
14.772068977355957,14,0.23571802935010483,137.11904900487022,0.6993080357142857,0.7566964285714286
13.731347560882568,15,0.28996331236897277,123.62280695729248,0.5411780753968254,0.6889880952380952
13.379193305969238,16,0.3799462788259958,130.36111229964249,0.5801299894957983,0.6
13.518121480941772,17,0.35698375262054505,140.94764418038352,0.6511870941558442,0.71875
13.367408275604248,18,0.2569772012578616,125.48916287871236,0.5146488927738927,0.6392045454545454
14.185197114944458,19,0.2655922431865828,124.70194224630184,0.6780683379120879,0.75
13.842560768127441,20,0.3043107966457023,145.3068477395336,0.6732859848484849,0.75625
14.74694299697876,21,0.3316954926624738,145.55840614681105,0.6487385010822511,0.765625
13.921556234359741,22,0.2858031970649895,150.60561078525595,0.7332491987179487,0.8375
14.037089824676514,23,0.296875,158.4262364635353,0.7667782738095238,0.8125
14.721297025680542,24,0.3866286687631027,132.24392764887165,0.5971274038461538,0.6598557692307693
14.218769311904907,25,0.3836805555555556,149.19447845010887,0.692100074404762,0.8095238095238095
