Time,Server round,Accuracy aggregated,Accuracy std,Top5,Top1
17.8742196559906,1,0.1189399895178197,90.35416758512028,0.40462009803921567,0.5260416666666666
13.887722253799438,2,0.12729297693920336,137.02233978443076,0.5726419161414567,0.9122023809523809
13.76125431060791,3,0.12768605870020963,137.1457560407904,0.5744970019257704,0.9122023809523809
14.04542350769043,4,0.14435927672955975,124.39003336280605,0.6184254807692308,0.77734375
14.552726984024048,5,0.12834119496855345,108.36101882134552,0.48894736842105263,0.5395833333333333
13.648798942565918,6,0.23637316561844865,127.80288572641857,0.6988289835164835,0.8359375
14.065527439117432,7,0.16994234800838576,123.51672923130697,0.6565092719780219,0.7259615384615384
14.686828851699829,8,0.18877751572327045,102.85753448338143,0.6090719696969698,0.85625
14.325289487838745,9,0.17515068134171907,111.26516256223238,0.5326098901098901,0.578125
13.498388528823853,10,0.18691037735849056,112.73023374410256,0.6441989087301587,0.8370535714285714
14.27417540550232,11,0.2165552935010482,128.49004475055645,0.6883133012820513,0.8375
13.857189178466797,12,0.181145178197065,105.74213918774294,0.4516995614035088,0.5286458333333334
13.805682897567749,13,0.25091719077568136,132.24568045875827,0.5687540064102564,0.63671875
14.398290872573853,14,0.2475432389937107,137.80740328443895,0.6868551587301588,0.7395833333333334
13.908119201660156,15,0.28465670859538783,128.04030615396076,0.5524638418964077,0.6904761904761905
13.304467678070068,16,0.3839753668763103,132.49515613787545,0.6231937149859943,0.70625
13.670516729354858,17,0.3494496855345912,140.73816255728224,0.6751142607392607,0.775
13.264387845993042,18,0.2553393605870021,127.78125840670063,0.5094726107226106,0.6335227272727273
14.328970909118652,19,0.2616614255765199,124.67550842086028,0.6589903846153846,0.703125
13.9138662815094,20,0.304081498951782,152.1795794448125,0.6958901515151515,0.75
14.769370794296265,21,0.33366090146750527,145.55604281513016,0.6159958964646464,0.6964285714285714
13.449650049209595,22,0.2784329140461216,148.50010101006666,0.7137099358974359,0.79375
14.540480375289917,23,0.29127358490566035,158.3035514446849,0.7680171130952381,0.8140625
14.877575159072876,24,0.3868907232704403,129.99189051629335,0.6102844551282052,0.6766826923076923
13.972296714782715,25,0.3825340670859539,151.36659605077998,0.691551001082251,0.7961309523809523
