Time,Server round,Accuracy aggregated,Accuracy std,Top5,Top1
9.910167,1,0.325478,259.4938149551931,0.9111482267732267,1.0
11.603845,2,0.453893,303.1975593569315,0.9672421328671328,1.0
9.964673,3,0.493169,296.37030890424904,0.9677229020979021,1.0
9.701759,4,0.578893,271.39270439715216,0.9678103146853146,1.0
10.916926,5,0.706284,253.8187148340327,0.9774725274725273,1.0
9.769135,6,0.718579,260.16429424500205,0.9776785714285714,1.0
9.878463,7,0.719775,257.6886687458337,0.977712912087912,1.0
9.826998,8,0.782104,250.36593218726864,0.9772321428571429,1.0
9.854003,9,0.793716,246.9561904468078,0.9774725274725273,1.0
9.897969,10,0.796533,243.9722269029817,0.977712912087912,1.0
11.677549,11,0.792179,241.9119467905626,0.9774725274725273,1.0
9.759827,12,0.80362,245.5653477182805,0.977712912087912,1.0
9.819901,13,0.791325,249.36226659220117,0.9784340659340659,1.0
9.723129,14,0.802425,244.1462471552655,0.977712912087912,1.0
9.858098,15,0.801742,242.3413914295286,0.9781936813186813,1.0
9.710911,16,0.808572,242.02964694433615,0.9774725274725273,1.0
9.779304,17,0.803535,238.43709338104253,0.9774725274725273,1.0
9.806021,18,0.830857,234.77573873805616,0.9772321428571429,1.0
10.088853,19,0.826673,233.7109111701891,0.9779532967032967,1.0
10.334736,20,0.79252,235.12930485160715,0.977712912087912,1.0
