Time,Server round,Accuracy aggregated,Accuracy std,Top5,Top1
124.834991,1,0.166185,110.6450518550197,0.3880928528708134,0.502841
126.665066,2,0.280825,108.77972007685992,0.4429137039252171,0.49858
126.647845,3,0.314113,96.36829094676318,0.4544401803118909,0.5
127.33901,4,0.366763,101.95120156231609,0.49297916666666663,0.515625
127.601852,5,0.462891,83.74274595450045,0.5586721491228069,0.61875
128.984914,6,0.487177,89.87562239005636,0.5998739035087719,0.620066
127.398524,7,0.513247,98.32476798853888,0.6114309210526315,0.633224
125.847219,8,0.517918,99.08606107823643,0.6132302631578948,0.646875
128.990247,9,0.536685,100.5479984882842,0.6391419956140351,0.68125
125.761087,10,0.555112,101.6957594986143,0.6442061403508772,0.7
133.286542,11,0.565897,92.08452638744471,0.6536951754385966,0.698438
127.243927,12,0.564198,95.06187458702884,0.652280701754386,0.684375
127.156912,13,0.571162,96.05628558298514,0.6500932017543859,0.6875
128.084923,14,0.582456,97.27202835347889,0.6534703947368421,0.69375
128.033463,15,0.591118,97.83377484284249,0.6627905701754386,0.701562
127.59396,16,0.595958,99.5444121987769,0.6811184210526315,0.73125
128.182176,17,0.600543,95.48476318240519,0.6880811403508773,0.723437
128.886235,18,0.612177,97.00952272844145,0.6832127192982458,0.725
129.313967,19,0.620584,95.42190524193069,0.6949396929824561,0.726562
123.936898,20,0.619565,96.70604944883232,0.6929989035087719,0.732812
