Time,Server round,Accuracy aggregated,Accuracy std,Top5,Top1
290.541461,1,0.166185,110.6450518550197,0.3880928528708134,0.502841
296.517837,2,0.280061,109.04444048185125,0.4429137039252171,0.49858
296.760046,3,0.323794,100.74933002258625,0.4769253389154705,0.513021
298.56346,4,0.377378,100.30284143532525,0.4920217803030303,0.526042
298.835745,5,0.461872,88.04116934707308,0.551812865497076,0.6125
296.509765,6,0.485819,90.08799864576858,0.5855921052631579,0.61875
300.517998,7,0.514436,95.35769502247841,0.6076743421052632,0.629687
297.931261,8,0.523522,102.86878778327272,0.6295,0.6625
296.817282,9,0.539402,98.94867356362086,0.6285460526315789,0.684375
309.394981,10,0.560547,100.26239324891462,0.6501184210526316,0.692187
299.995657,11,0.571247,93.3162767152655,0.6480646929824562,0.689063
313.086041,12,0.579229,98.68762587072405,0.6563377192982456,0.692187
303.198876,13,0.589419,95.94554445100617,0.6658004385964912,0.704688
312.739107,14,0.586787,93.7008537847975,0.6698519736842105,0.7
305.592059,15,0.594005,97.24035941932753,0.6802576754385965,0.70625
304.217927,16,0.596128,99.54697383647581,0.6828070175438598,0.745313
310.455844,17,0.599864,98.95888034936533,0.6761293859649122,0.720395
309.622924,18,0.608696,101.05859686340396,0.6816666666666668,0.722039
303.844071,19,0.606827,100.68917518780259,0.6842708333333333,0.712171
300.948709,20,0.611838,100.64187746658942,0.6835745614035088,0.710938
