Time,Server round,Accuracy aggregated,Accuracy std,Top5,Top1
10.289322,1,0.193921,133.274106637411,0.47463490456911506,0.717262
9.774989,2,0.295634,147.56872127927383,0.5679598636013109,0.715774
10.989776,3,0.387414,134.03949977525284,0.6006707272990168,0.669408
9.971347,4,0.455565,136.51244448767298,0.6987609849945376,0.782738
9.84137,5,0.534332,124.05783933311108,0.7370039682539683,0.775298
9.86397,6,0.50214,134.6472706741581,0.7227558077887026,0.766447
9.869603,7,0.530137,131.40372901862412,0.7361480624638519,0.859375
9.796037,8,0.576541,110.30507694571452,0.757311246867168,0.864583
11.777305,9,0.585616,111.29600172512937,0.7589729532163743,0.842014
9.913762,10,0.597346,99.6098765183453,0.7735575918964077,0.855903
9.925554,11,0.608048,107.66610422969711,0.8100955513784461,0.848958
9.827368,12,0.628168,117.90643536296058,0.7842914578111946,0.814236
10.183098,13,0.641267,106.59573162186186,0.7784931077694236,0.8125
9.859707,14,0.638099,109.49441766592487,0.7783717105263157,0.84375
9.747638,15,0.64786,116.51020341583822,0.8124712823725982,0.835069
10.288243,16,0.660702,111.10772925408925,0.810048558897243,0.859375
9.894233,17,0.657449,114.46679649575243,0.8141630116959064,0.861111
9.868509,18,0.670548,113.92427309401629,0.8103239870509608,0.861607
9.841928,19,0.667209,110.11869732248016,0.8170909043441938,0.863095
9.895432,20,0.680993,112.17446233434772,0.8354479949874687,0.873512
