Time,Server round,Accuracy aggregated,Accuracy std,Top5,Top1
5.8130903244018555,1,0.07696759259259259,3.0296681153038674,0.1625,0.1875
0.24960899353027344,2,0.16666666666666666,3.4985711369071804,0.3,0.40625
0.24809646606445312,3,0.21180555555555555,3.8070110760717957,0.31875,0.40625
0.24900388717651367,4,0.3055555555555556,6.998094978873417,0.459375,0.53125
0.23714756965637207,5,0.37210648148148145,5.5598760977401485,0.453125,0.484375
0.2565946578979492,6,0.4826388888888889,7.058800653557705,0.553125,0.59375
0.2277975082397461,7,0.5462962962962963,8.353575415486606,0.65,0.703125
0.21723365783691406,8,0.6180555555555556,9.611104688501387,0.7125,0.75
0.2501814365386963,9,0.6365740740740741,9.421016694367735,0.725,0.734375
0.23682713508605957,10,0.6724537037037037,9.688251762945791,0.765625,0.796875
0.25510597229003906,11,0.6898148148148148,10.548090927851456,0.81875,0.859375
0.2437756061553955,12,0.6909722222222222,9.890736406692206,0.8125,0.828125
0.24622726440429688,13,0.7274305555555556,10.387011119662866,0.825,0.875
0.22240257263183594,14,0.6759259259259259,10.633072097104497,0.80625,0.859375
0.22964763641357422,15,0.7291666666666666,11.436782764396638,0.871875,0.90625
0.24026799201965332,16,0.6759259259259259,10.0297335735081,0.825,0.90625
0.21327543258666992,17,0.6180555555555556,9.76592716199201,0.753125,0.796875
0.2587168216705322,18,0.6440972222222222,9.3607335894861,0.746875,0.765625
0.24752449989318848,19,0.6487268518518519,10.134046027569092,0.78125,0.828125
0.2573366165161133,20,0.46064814814814814,8.118839544882972,0.6,0.640625
0.23369741439819336,21,0.5978009259259259,8.894505170172325,0.74375,0.78125
0.2460920810699463,22,0.5121527777777778,7.233026107146764,0.659375,0.71875
0.2452540397644043,23,0.18981481481481483,3.520732247069571,0.284375,0.34375
0.23601508140563965,24,0.08159722222222222,3.32816265628149,0.2125,0.25
0.22382378578186035,25,0.24768518518518517,5.470730197047637,0.39375,0.453125
