Time,Server round,Accuracy aggregated,Accuracy std,Top5,Top1
5.068235635757446,1,0.08101851851851852,3.1552425509864617,0.1625,0.1875
0.2423875331878662,2,0.16435185185185186,3.930507459462313,0.26875,0.3125
0.23913240432739258,3,0.20775462962962962,4.1189265052384165,0.315625,0.375
0.2363138198852539,4,0.30092592592592593,6.905714220041899,0.46875,0.5625
0.25459885597229004,5,0.37094907407407407,5.85652532555686,0.44375,0.5
0.23853421211242676,6,0.4554398148148148,6.696682429050639,0.528125,0.5625
0.24470162391662598,7,0.578125,8.9,0.68125,0.71875
0.24011921882629395,8,0.6782407407407407,10.115774260475018,0.78125,0.8125
0.23122310638427734,9,0.671875,9.209234495874236,0.765625,0.8125
0.24492621421813965,10,0.6990740740740741,9.821518325708212,0.8125,0.875
0.2629811763763428,11,0.6620370370370371,9.372773809758183,0.7625,0.78125
0.23130226135253906,12,0.6747685185185185,11.080713976194055,0.815625,0.828125
0.24663853645324707,13,0.6944444444444444,10.181682899534175,0.821875,0.84375
0.23564434051513672,14,0.6932870370370371,10.880972178787866,0.828125,0.875
0.24626588821411133,15,0.7164351851851852,10.544930324831716,0.828125,0.84375
0.24124979972839355,16,0.6921296296296297,11.433090376427344,0.846875,0.875
0.2196040153503418,17,0.6811342592592593,10.461622988597686,0.815625,0.84375
0.23286199569702148,18,0.47858796296296297,8.10630755783558,0.634375,0.6875
0.23896241188049316,19,0.4976851851851852,8.447221765501101,0.634375,0.640625
2.4089813232421875,20,0.6365740740740741,9.617114374327098,0.721875,0.734375
0.25829291343688965,21,0.43171296296296297,8.204605752597473,0.628125,0.71875
0.23945236206054688,22,0.3755787037037037,5.941286804126602,0.484375,0.53125
0.2469165325164795,23,0.36574074074074076,6.850466326381649,0.534375,0.59375
0.24046802520751953,24,0.14467592592592593,4.6284146553892755,0.29375,0.34375
0.2444922924041748,25,0.14756944444444445,4.522167621838006,0.265625,0.3125
