Time,Server round,Accuracy aggregated,Accuracy std,Top5,Top1
9.434690713882446,1,0.14825727181544635,140.29853883772276,0.6282300150829563,0.8725961538461539
5.0859763622283936,2,0.09362462387161484,102.07444538178984,0.5362878787878789,0.9460227272727273
5.17609977722168,3,0.09390672016048145,102.23792642654682,0.5374188311688312,0.9460227272727273
5.281794786453247,4,0.17298771313941824,132.9960736262541,0.6727083022341642,0.7777777777777778
5.313913583755493,5,0.137913741223671,136.2615132750257,0.6525088713369962,0.8214285714285714
5.056017160415649,6,0.26683174523570713,163.27851175215923,0.7510515873015874,0.9642857142857143
5.233505487442017,7,0.49056544633901705,192.668574500358,0.896276517600047,0.9430147058823529
5.493099927902222,8,0.5575162988966901,229.59005292041726,0.9299693362193363,0.96875
5.540532112121582,9,0.6282284353059178,221.2838005819676,0.9284406565656564,0.9513888888888888
4.955793857574463,10,0.6916060682046138,224.96588630279035,0.9308412652162652,0.9432870370370371
5.346847772598267,11,0.7473671013039117,221.22980269394088,0.9330135441900147,0.9416666666666667
5.158447980880737,12,0.7660794884653962,216.42704914127532,0.9176659982174687,0.9427083333333334
5.362921714782715,13,0.7921577231695085,219.61513700107287,0.904805035650624,0.9460227272727273
5.06850528717041,14,0.7829425777331996,223.72117378558517,0.9181556346878927,0.9375
5.137213706970215,15,0.8091775325977933,227.87553093739572,0.9313966275659824,0.9553571428571429
5.038838148117065,16,0.8331870611835507,229.79675889794441,0.9393777056277056,0.95
5.06878924369812,17,0.8288302407221665,233.08762386707707,0.9541531385281384,0.96875
5.42229151725769,18,0.8455366098294884,242.02729102314058,0.9580803571428571,0.96875
5.5081329345703125,19,0.8350990471414242,248.32293571073936,0.9693710388195681,0.9768518518518519
5.431730031967163,20,0.814882146439318,249.28192553813443,0.9823517917267918,0.9857954545454546
5.352479934692383,21,0.789712888665998,253.75990621057537,0.9818189333814334,0.9849537037037037
4.983137845993042,22,0.8155717151454364,249.65784586109046,0.9735018568461108,0.9788306451612904
5.169818878173828,23,0.8598294884653962,236.86120492811818,0.9746683301577453,0.9759615384615384
5.469260931015015,24,0.8602056168505516,236.54188973625793,0.9716043956043956,0.97375
5.413316488265991,25,0.8745298395185557,239.39686631198828,0.9741496444731738,0.9807692307692307
