Time,Server round,Accuracy aggregated,Accuracy std,Top5,Top1
9.969656,1,0.102055,75.6917432749438,0.26307163231505337,0.391447
13.217689,2,0.125,92.26212657423413,0.3327073620823621,0.497596
14.14515,3,0.138014,69.30396814035976,0.25384139435126274,0.539474
13.173618,4,0.234503,87.5508280943133,0.3918311403508772,0.5625
13.169779,5,0.273801,68.61552302504151,0.3748537098866046,0.506579
13.28611,6,0.271233,102.89042715432763,0.5175420168067226,0.65625
13.155035,7,0.235873,122.37110565815772,0.5023678989139515,0.814236
13.310874,8,0.316182,88.10520699708957,0.4615501110731374,0.654605
13.781433,9,0.293921,95.00593402519657,0.5276759607351712,0.646382
13.168924,10,0.340925,86.6330768240399,0.506859023973962,0.526042
13.715966,11,0.260017,92.51717408135639,0.4311752392344498,0.5625
13.382493,12,0.38476,103.02577347440786,0.5628255735492578,0.598558
13.155404,13,0.425086,72.99717460285706,0.4914439946018893,0.536458
14.023501,14,0.402312,108.44559695995038,0.5475711514362831,0.658654
10.329338,15,0.35839,92.101628650095,0.523407553810998,0.570724
10.091884,16,0.399401,103.35128204333026,0.5673301844354476,0.658654
9.911077,17,0.405308,110.36036426181276,0.5668855431848854,0.708333
9.818687,18,0.44512,85.76273957844397,0.5767269736842104,0.617188
13.863247,19,0.428339,123.52500758955654,0.6238613360323886,0.669471
13.879244,20,0.393664,80.52384739938846,0.5732142857142857,0.638158
