Time,Server round,Accuracy aggregated,Accuracy std,Top5,Top1
9.843584,1,0.169997,88.25331438535326,0.3489043534080299,0.420139
9.989335,2,0.20099,106.91823979097299,0.43317847174755075,0.604167
