Time,Server round,Accuracy aggregated,Accuracy std,Top5,Top1
9.924123,1,0.103057,148.05244847688266,0.37727632382237647,0.996711
14.140816,2,0.101008,186.87222238738428,0.32385650533676846,0.983173
9.82463,3,0.101434,148.21922952167844,0.37357295482295483,1.0
10.332272,4,0.100751,113.77741427893324,0.5197252126528442,0.917614
13.199493,5,0.101008,193.16554428779477,0.35394642857142855,0.964286
13.307672,6,0.150444,139.46501353386088,0.5251043233082706,0.747024
12.578667,7,0.139515,178.87903734088016,0.43923852098194194,0.905048
16.116871,8,0.131404,150.78676168682713,0.4331484239444766,0.996711
13.111342,9,0.157958,161.7477975120527,0.47356907398586967,0.735197
13.975665,10,0.124744,154.23147376589515,0.4345488721804511,0.995066
14.684539,11,0.147285,121.05695973383769,0.35848705710354317,0.387153
14.180404,12,0.104508,146.86953394084154,0.4280805958747136,0.930398
9.722885,13,0.11723,103.51051878915494,0.3195681147627742,0.451389
10.793508,14,0.188695,150.13110936777892,0.5762453482190324,0.925987
9.713797,15,0.106045,109.2428029666028,0.319609876406703,0.467014
13.323418,16,0.101861,148.47702684253886,0.3750534188034188,1.0
10.113016,17,0.120304,151.27969956342457,0.4723647186147186,0.96733
9.730104,18,0.18639,102.87189849516727,0.45432947900053167,0.503472
9.784835,19,0.097251,156.7971539920288,0.4323399240078807,0.990057
13.169957,20,0.183914,110.91127084295807,0.41048312068048914,0.519097
