Time,Server round,Accuracy aggregated,Accuracy std,Top5,Top1
10.033477,1,0.170839,47.659705202613246,0.27690595975232196,0.326562
9.73475,2,0.240073,62.387077988955376,0.3570170454545455,0.385937
9.695146,3,0.288242,58.66044237814781,0.4026704545454545,0.473438
9.758794,4,0.330715,44.15254805784146,0.39535839160839165,0.426563
9.752049,5,0.366195,47.95508315079852,0.43741127132671254,0.492188
10.175591,6,0.394164,61.403664385767726,0.48018907563025215,0.540625
9.708754,7,0.411948,63.65406507050433,0.4916474089635855,0.503125
10.166345,8,0.429558,68.56573488266571,0.5181822344322343,0.570312
9.95089,9,0.456492,69.84296671820293,0.5315443563789153,0.5625
9.824514,10,0.470477,67.49407381392828,0.5409513087531664,0.570312
9.808125,11,0.483598,60.232798374307656,0.5463335561497326,0.590625
9.634275,12,0.505352,57.75387432891408,0.5596603641456582,0.582812
9.75176,13,0.513294,58.571409407662365,0.5698345588235295,0.590625
9.723455,14,0.519682,65.12603166169423,0.592389705882353,0.634375
10.377469,15,0.535825,70.03947101456434,0.5975516456582632,0.628125
9.773821,16,0.538674,68.03675477269621,0.5942490291571174,0.614062
9.606097,17,0.538156,67.23101962635997,0.5891482843137255,0.61875
9.678293,18,0.548774,70.7370306133923,0.6063717532467533,0.654687
10.237671,19,0.554385,70.31920079181788,0.6136363636363636,0.65625
9.998635,20,0.56345,72.63489175320633,0.6339705882352942,0.667188
