Time,Server round,Accuracy aggregated,Accuracy std,Top5,Top1
290.17724,1,0.150207,55.40036100965408,0.2757546439628483,0.340625
299.129307,2,0.236792,60.257177995654594,0.3495170454545454,0.389062
294.098664,3,0.282459,61.167311531568885,0.3985929144385027,0.470313
298.546552,4,0.3327,44.500674152196844,0.40546558704453445,0.453125
295.012876,5,0.359807,51.35893301072365,0.4503280542986425,0.489063
295.432177,6,0.390452,63.4486209464004,0.5014889705882354,0.557813
292.844226,7,0.41635,65.20450521244679,0.5044450280112045,0.5875
300.660634,8,0.429731,72.81819827488181,0.5207921918767507,0.589063
299.295748,9,0.466419,68.06781544900643,0.5362171345811051,0.604688
299.901525,10,0.481872,65.6840163205631,0.5426636904761905,0.607812
197.73986,11,0.489209,60.92230708041184,0.5515082282913165,0.632812
126.364454,12,0.497324,58.39047439437361,0.5568478641456582,0.632812
126.997518,13,0.511309,62.4181664261295,0.572952556022409,0.632812
131.780087,14,0.520028,65.65028560486238,0.589733018207283,0.621875
127.996712,15,0.529265,67.48590593598044,0.5958405748663103,0.620313
127.622156,16,0.534617,66.15532858356914,0.589846256684492,0.607812
123.255456,17,0.540746,64.80092591931076,0.5975752005347594,0.621875
128.171617,18,0.543854,68.32129975344439,0.6037650401069519,0.63125
135.880196,19,0.543767,69.65089733808172,0.6012717245989304,0.6375
122.621133,20,0.557234,68.97961655445759,0.6174448529411765,0.640625
