Round,Accuracy (%),nt
0,0,0
0,0,1
0,0,2
1,0.7359202333160667,0
1,0.04120082815734989,1
1,0,2
2,0.6555403709615667,0
2,0.8060948021885521,1
2,0,2
