Time,Server round,Accuracy aggregated,Accuracy std,Top5,Top1
10.170146,1,0.245707,219.46273032111853,0.8100273569023569,0.825231
9.964853,2,0.33568,229.73800295118787,0.8051031144781146,0.825231
