Time,Server round,Accuracy aggregated,Accuracy std,Top5,Top1
10.019206,1,0.166185,110.6450518550197,0.3880928528708134,0.502841
9.94554,2,0.288553,112.55571953481528,0.45297946570972886,0.504261
10.024951,3,0.321586,97.12840727614142,0.4666811204146731,0.502841
9.766474,4,0.363281,104.90896053245405,0.5125131578947368,0.539062
10.710512,5,0.474524,90.60154524068562,0.5743804824561403,0.61875
9.883148,6,0.493546,86.84894933158374,0.5903399122807017,0.623437
9.799455,7,0.520041,94.82014553880414,0.6018212719298246,0.639062
10.897974,8,0.533628,96.7567051940071,0.6201502192982457,0.66875
9.776779,9,0.548828,93.81805529854049,0.6208876096491227,0.664062
9.887785,10,0.540931,98.7873979817264,0.6534320175438596,0.674342
9.749628,11,0.580757,97.02292254926151,0.6732346491228071,0.709375
9.954556,12,0.57838,95.39678977827295,0.655405701754386,0.685855
9.840039,13,0.59341,95.17005831667858,0.6646436403508773,0.715625
11.908936,14,0.601732,97.49107651472518,0.6753673245614035,0.723437
9.921114,15,0.601223,97.63196197967139,0.6758059210526316,0.71875
9.702577,16,0.608865,98.58777814719225,0.6854660087719298,0.715461
10.86844,17,0.611583,99.67191179063438,0.6825383771929825,0.726562
9.847509,18,0.61413,101.34811295727218,0.6863486842105264,0.734375
9.877521,19,0.617357,100.83724510318595,0.6902138157894736,0.7375
9.748821,20,0.624406,100.72947681786101,0.698125,0.728125
