Round,Accuracy (%),nt
0,0,0
0,0,1
0,0,2
1,0.748957591405508,0
1,0.03909181096681097,1
1,0,2
2,0.6728027030336813,0
2,0.8077585753367003,1
2,0,2
