Time,Server round,Accuracy aggregated,Accuracy std,Top5,Top1
0.395688,1,0.246909,217.447372943432,0.805960648148148,0.826705
0.256715,2,0.337397,234.56544928867933,0.8356213859610598,0.892045
